Location,Desig,Plant,Network,Quantity,Protocol,Number,Address,ModuleType,Failed,Online,Faulty,Oos,
FairyLand,L505,Cb,11KV,IOC/IEF Prot Disable Control,DNP,0,2224,dom 301,1,0,1,0,
FairyLand,L505,Cb,11KV,IOC/IEF Prot Enable Control,DNP,1,2224,dom 301,1,0,1,0,
FairyLand,B775,Cb,11KV,IOC/IEF Prot Disable Control,DNP,0,2240,dom 301,1,0,1,0,
FairyLand,B775,Cb,11KV,IOC/IEF Prot Enable Control,DNP,1,2240,dom 301,1,0,1,0,
FairyLand,L507,Cb,11KV,IOC/IEF Prot Disable Control,DNP,0,2256,dom 301,1,0,1,0,
FairyLand,L507,Cb,11KV,IOC/IEF Prot Enable Control,DNP,1,2256,dom 301,1,0,1,0,
FairyLand,L857,Cb,11KV,IOC/IEF Prot Disable Control,DNP,0,2112,dom 301,1,0,1,0,
FairyLand,L857,Cb,11KV,IOC/IEF Prot Enable Control,DNP,1,2112,dom 301,1,0,1,0,
FairyLand,19872,Cb,11KV,Open Control,DNP,0,368,pom 302,0,0,0,0,
FairyLand,19872,Cb,11KV,Close Control,DNP,1,368,pom 302,0,0,0,0,
FairyLand,19872,Cb,11KV,IOC/IEF Prot Disable Control,DNP,0,2272,dom 301,1,0,1,0,
FairyLand,19872,Cb,11KV,IOC/IEF Prot Enable Control,DNP,1,2272,dom 301,1,0,1,0,
FairyLand,19868,Cb,11KV,Open Control,DNP,0,384,pom 302,0,0,0,0,
FairyLand,19868,Cb,11KV,Close Control,DNP,1,384,pom 302,0,0,0,0,
FairyLand,19868,Cb,11KV,IOC/IEF Prot Disable Control,DNP,0,2320,dom 301,1,0,1,0,
FairyLand,19868,Cb,11KV,IOC/IEF Prot Enable Control,DNP,1,2320,dom 301,1,0,1,0,
FairyLand,19870,Cb,11KV,Open Control,DNP,4,384,pom 302,0,0,0,0,
FairyLand,19870,Cb,11KV,Close Control,DNP,5,384,pom 302,0,0,0,0,
FairyLand,19870,Cb,11KV,IOC/IEF Prot Disable Control,DNP,0,2336,dom 301,1,0,1,0,
FairyLand,19870,Cb,11KV,IOC/IEF Prot Enable Control,DNP,1,2336,dom 301,1,0,1,0,
FairyLand,L505,Under Freq Load Shed,11KV,Stage1AutoControl,DNP,0,2384,dom 301,1,0,1,0,
FairyLand,L505,Under Freq Load Shed,11KV,Stage2AutoControl,DNP,2,2384,dom 301,1,0,1,0,
FairyLand,L506,Under Freq Load Shed,11KV,Stage1AutoControl,DNP,4,2384,dom 301,1,0,1,0,
FairyLand,L506,Under Freq Load Shed,11KV,Stage2AutoControl,DNP,6,2384,dom 301,1,0,1,0,
FairyLand,L507,Under Freq Load Shed,11KV,Stage1AutoControl,DNP,0,2400,dom 301,1,0,1,0,
FairyLand,L507,Under Freq Load Shed,11KV,Stage2AutoControl,DNP,2,2400,dom 301,1,0,1,0,
FairyLand,L508,Under Freq Load Shed,11KV,Stage1AutoControl,DNP,4,2400,dom 301,1,0,1,0,
FairyLand,L508,Under Freq Load Shed,11KV,Stage2AutoControl,DNP,6,2400,dom 301,1,0,1,0,
FairyLand,L857,Under Freq Load Shed,11KV,Stage1AutoControl,DNP,0,2416,dom 301,1,0,1,0,
FairyLand,L857,Under Freq Load Shed,11KV,Stage2AutoControl,DNP,2,2416,dom 301,1,0,1,0,
FairyLand,B773,Under Freq Load Shed,11KV,Stage1AutoControl,DNP,4,2416,dom 301,1,0,1,0,
FairyLand,B773,Under Freq Load Shed,11KV,Stage2AutoControl,DNP,6,2416,dom 301,1,0,1,0,
FairyLand,B775,Under Freq Load Shed,11KV,Stage1AutoControl,DNP,0,2432,dom 301,1,0,1,0,
FairyLand,B775,Under Freq Load Shed,11KV,Stage2AutoControl,DNP,2,2432,dom 301,1,0,1,0,
FairyLand,B776,Under Freq Load Shed,11KV,Stage1AutoControl,DNP,4,2432,dom 301,1,0,1,0,
FairyLand,B776,Under Freq Load Shed,11KV,Stage2AutoControl,DNP,6,2432,dom 301,1,0,1,0,
FairyLand,B777,Under Freq Load Shed,11KV,Stage1AutoControl,DNP,0,2448,dom 301,1,0,1,0,
FairyLand,B777,Under Freq Load Shed,11KV,Stage2AutoControl,DNP,2,2448,dom 301,1,0,1,0,
FairyLand,B778,Under Freq Load Shed,11KV,Stage1AutoControl,DNP,4,2448,dom 301,1,0,1,0,
FairyLand,B778,Under Freq Load Shed,11KV,Stage2AutoControl,DNP,6,2448,dom 301,1,0,1,0,
FairyLand,19868,Under Freq Load Shed,11KV,Stage1AutoControl,DNP,0,2464,dom 301,1,0,1,0,
FairyLand,19868,Under Freq Load Shed,11KV,Stage2AutoControl,DNP,2,2464,dom 301,1,0,1,0,
FairyLand,19869,Under Freq Load Shed,11KV,Stage1AutoControl,DNP,4,2464,dom 301,1,0,1,0,
FairyLand,19869,Under Freq Load Shed,11KV,Stage2AutoControl,DNP,6,2464,dom 301,1,0,1,0,
FairyLand,19870,Under Freq Load Shed,11KV,Stage1AutoControl,DNP,0,2480,dom 301,1,0,1,0,
FairyLand,19870,Under Freq Load Shed,11KV,Stage2AutoControl,DNP,2,2480,dom 301,1,0,1,0,
FairyLand,19871,Under Freq Load Shed,11KV,Stage1AutoControl,DNP,4,2480,dom 301,1,0,1,0,
FairyLand,19871,Under Freq Load Shed,11KV,Stage2AutoControl,DNP,6,2480,dom 301,1,0,1,0,
FairyLand,19872,Under Freq Load Shed,11KV,Stage1AutoControl,DNP,0,2496,dom 301,1,0,1,0,
FairyLand,19872,Under Freq Load Shed,11KV,Stage2AutoControl,DNP,2,2496,dom 301,1,0,1,0,
FairyLand,L505,Under Freq Load Shed,11KV,Stage3AutoControl,DNP,0,8064,pom 301,1,0,1,0,
FairyLand,L506,Under Freq Load Shed,11KV,Stage3AutoControl,DNP,1,8064,pom 301,1,0,1,0,
FairyLand,L507,Under Freq Load Shed,11KV,Stage3AutoControl,DNP,2,8064,pom 301,1,0,1,0,
FairyLand,L508,Under Freq Load Shed,11KV,Stage3AutoControl,DNP,3,8064,pom 301,1,0,1,0,
FairyLand,L857,Under Freq Load Shed,11KV,Stage3AutoControl,DNP,4,8064,pom 301,1,0,1,0,
FairyLand,B773,Under Freq Load Shed,11KV,Stage3AutoControl,DNP,5,8064,pom 301,1,0,1,0,
FairyLand,B775,Under Freq Load Shed,11KV,Stage3AutoControl,DNP,6,8064,pom 301,1,0,1,0,
FairyLand,B776,Under Freq Load Shed,11KV,Stage3AutoControl,DNP,7,8064,pom 301,1,0,1,0,
FairyLand,B777,Under Freq Load Shed,11KV,Stage3AutoControl,DNP,0,8080,pom 301,1,0,1,0,
FairyLand,L508,Cb,11KV,IOC/IEF Prot Disable Control,DNP,0,2192,dom 301,1,0,1,0,
FairyLand,L508,Cb,11KV,IOC/IEF Prot Enable Control,DNP,1,2192,dom 301,1,0,1,0,
FairyLand,B776,Cb,11KV,IOC/IEF Prot Disable Control,DNP,0,2208,dom 301,1,0,1,0,
FairyLand,B776,Cb,11KV,IOC/IEF Prot Enable Control,DNP,1,2208,dom 301,1,0,1,0,
FairyLand,19871,Cb,11KV,Open Control,DNP,6,384,pom 302,0,0,0,0,
FairyLand,19871,Cb,11KV,Close Control,DNP,7,384,pom 302,0,0,0,0,
FairyLand,19871,Cb,11KV,IOC/IEF Prot Disable Control,DNP,0,2304,dom 301,1,0,1,0,
FairyLand,19871,Cb,11KV,IOC/IEF Prot Enable Control,DNP,1,2304,dom 301,1,0,1,0,
FairyLand,L506,Cb,11KV,IOC/IEF Prot Disable Control,DNP,0,2176,dom 301,1,0,1,0,
FairyLand,L506,Cb,11KV,IOC/IEF Prot Enable Control,DNP,1,2176,dom 301,1,0,1,0,
FairyLand,19869,Cb,11KV,Open Control,DNP,2,384,pom 302,0,0,0,0,
FairyLand,19869,Cb,11KV,Close Control,DNP,3,384,pom 302,0,0,0,0,
FairyLand,19869,Cb,11KV,IOC/IEF Prot Disable Control,DNP,0,2288,dom 301,1,0,1,0,
FairyLand,19869,Cb,11KV,IOC/IEF Prot Enable Control,DNP,1,2288,dom 301,1,0,1,0,
FairyLand,B778,Under Freq Load Shed,11KV,Stage3AutoControl,DNP,1,8080,pom 301,1,0,1,0,
FairyLand,19868,Under Freq Load Shed,11KV,Stage3AutoControl,DNP,2,8080,pom 301,1,0,1,0,
FairyLand,19869,Under Freq Load Shed,11KV,Stage3AutoControl,DNP,3,8080,pom 301,1,0,1,0,
FairyLand,19870,Under Freq Load Shed,11KV,Stage3AutoControl,DNP,4,8080,pom 301,1,0,1,0,
FairyLand,19871,Under Freq Load Shed,11KV,Stage3AutoControl,DNP,5,8080,pom 301,1,0,1,0,
FairyLand,19872,Under Freq Load Shed,11KV,Stage3AutoControl,DNP,6,8080,pom 301,1,0,1,0,
FairyLand,19867,Cb,11KV,Open Control,DNP,6,24736,pom 302,0,0,0,0,
FairyLand,19867,Cb,11KV,Close Control,DNP,7,24736,pom 302,0,0,0,0,
FairyLand,35125,Motorised Switch,11KV,Open Control,DNP,0,112,pom 302,0,0,0,0,
FairyLand,35125,Motorised Switch,11KV,Close Control,DNP,1,112,pom 302,0,0,0,0,
FairyLand,35119,Motorised Switch,11KV,Open Control,DNP,2,112,pom 302,0,0,0,0,
FairyLand,35119,Motorised Switch,11KV,Close Control,DNP,3,112,pom 302,0,0,0,0,
FairyLand,35127,Motorised Switch,11KV,Open Control,DNP,4,112,pom 302,0,0,0,0,
FairyLand,35127,Motorised Switch,11KV,Close Control,DNP,5,112,pom 302,0,0,0,0,
FairyLand,35122,Motorised Switch,11KV,Open Control,DNP,6,112,pom 302,0,0,0,0,
FairyLand,35122,Motorised Switch,11KV,Close Control,DNP,7,112,pom 302,0,0,0,0,
FairyLand,35123,Motorised Switch,11KV,Open Control,DNP,0,128,pom 302,0,0,0,0,
FairyLand,35123,Motorised Switch,11KV,Close Control,DNP,1,128,pom 302,0,0,0,0,
FairyLand,35129,Motorised Switch,11KV,Open Control,DNP,2,128,pom 302,0,0,0,0,
FairyLand,35129,Motorised Switch,11KV,Close Control,DNP,3,128,pom 302,0,0,0,0,
FairyLand,36227,Cb,11KV,Open Control,DNP,0,144,pom 302,0,0,0,0,
FairyLand,36227,Cb,11KV,Close Control,DNP,1,144,pom 302,0,0,0,0,
FairyLand,36228,Motorised Switch,11KV,Open Control,DNP,2,144,pom 302,0,0,0,0,
FairyLand,36228,Motorised Switch,11KV,Close Control,DNP,3,144,pom 302,0,0,0,0,
FairyLand,36229,Motorised Switch,11KV,Open Control,DNP,4,144,pom 302,0,0,0,0,
FairyLand,36229,Motorised Switch,11KV,Close Control,DNP,5,144,pom 302,0,0,0,0,
FairyLand,36232,Cb,11KV,Open Control,DNP,6,144,pom 302,0,0,0,0,
FairyLand,36232,Cb,11KV,Close Control,DNP,7,144,pom 302,0,0,0,0,
FairyLand,36233,Motorised Switch,11KV,Open Control,DNP,0,160,pom 302,0,0,0,0,
FairyLand,36233,Motorised Switch,11KV,Close Control,DNP,1,160,pom 302,0,0,0,0,
FairyLand,36234,Motorised Switch,11KV,Open Control,DNP,2,160,pom 302,0,0,0,0,
FairyLand,36234,Motorised Switch,11KV,Close Control,DNP,3,160,pom 302,0,0,0,0,
FairyLand,B777,Cb,11KV,Open Control,DNP,0,448,pom 302,0,0,0,0,
FairyLand,B777,Cb,11KV,Close Control,DNP,1,448,pom 302,0,0,0,0,
FairyLand,B778,Cb,11KV,Open Control,DNP,2,448,pom 302,0,0,0,0,
FairyLand,B778,Cb,11KV,Close Control,DNP,3,448,pom 302,0,0,0,0,
FairyLand,B780,Cb,11KV,Open Control,DNP,4,448,pom 302,0,0,0,0,
FairyLand,B780,Cb,11KV,Close Control,DNP,5,448,pom 302,0,0,0,0,
FairyLand,B781,Cb,11KV,Open Control,DNP,6,448,pom 302,0,0,0,0,
FairyLand,B781,Cb,11KV,Close Control,DNP,7,448,pom 302,0,0,0,0,
FairyLand,35117,Cb,33KV,Open Control,DNP,0,4224,pom 302,0,0,0,0,
FairyLand,35117,Cb,33KV,Close Control,DNP,1,4224,pom 302,0,0,0,0,
FairyLand,B786,Cb,33KV,Open Control,DNP,0,4240,pom 302,0,0,0,0,
FairyLand,B786,Cb,33KV,Close Control,DNP,1,4240,pom 302,0,0,0,0,
FairyLand,B789,Cb,33KV,Open Control,DNP,2,4240,pom 302,0,0,0,0,
FairyLand,B789,Cb,33KV,Close Control,DNP,3,4240,pom 302,0,0,0,0,
FairyLand,B788,Cb,33KV,Open Control,DNP,4,4240,pom 302,0,0,0,0,
FairyLand,B788,Cb,33KV,Close Control,DNP,5,4240,pom 302,0,0,0,0,
FairyLand,B791,Cb,33KV,Open Control,DNP,6,4240,pom 302,0,0,0,0,
FairyLand,B791,Cb,33KV,Close Control,DNP,7,4240,pom 302,0,0,0,0,
FairyLand,PixyLand/FairyLand,Automated Scheme,Station,AutoControl,DNP,0,8000,pom 301,1,0,1,0,
FairyLand,PixyLand/FairyLand,Automated Scheme,Station,NonAutoControl,DNP,1,8000,pom 301,1,0,1,0,
FairyLand,System,Supervisory,Station,Auto Standby Auto Control,DNP,2,8000,pom 301,1,0,1,0,
FairyLand,System,Supervisory,Station,Auto Standby Non Auto Control,DNP,3,8000,pom 301,1,0,1,0,
FairyLand,System,Supervisory,Station,Capacitor Auto Control,DNP,4,8000,pom 301,1,0,1,0,
FairyLand,System,Supervisory,Station,Capacitor Non Auto Control,DNP,5,8000,pom 301,1,0,1,0,
FairyLand,System,Supervisory,Station,Reclose 11kV Auto Control,DNP,6,8000,pom 301,1,0,1,0,
FairyLand,System,Supervisory,Station,Reclose 11kV Non Auto Control,DNP,7,8000,pom 301,1,0,1,0,
FairyLand,System,Supervisory,Station,Voltage Regulation Auto Control,DNP,0,8016,pom 301,1,0,1,0,
FairyLand,System,Supervisory,Station,Voltage Regulation Non Auto Control,DNP,1,8016,pom 301,1,0,1,0,
FairyLand,9562,Load Monitor,Zone,Auto Control,DNP,2,8016,pom 301,1,0,1,0,
FairyLand,9562,Load Monitor,Zone,Non Auto Control,DNP,3,8016,pom 301,1,0,1,0,
FairyLand,B777,Cb,11KV,Reclose Auto Control,DNP,4,8016,pom 301,1,0,1,0,
FairyLand,B777,Cb,11KV,Reclose Non Auto Control,DNP,5,8016,pom 301,1,0,1,0,
FairyLand,B778,Cb,11KV,Reclose Auto Control,DNP,6,8016,pom 301,1,0,1,0,
FairyLand,B778,Cb,11KV,Reclose Non Auto Control,DNP,7,8016,pom 301,1,0,1,0,
FairyLand,19868,Cb,11KV,Reclose Auto Control,DNP,0,8096,pom 301,1,0,1,0,
FairyLand,19868,Cb,11KV,Reclose Non Auto Control,DNP,1,8096,pom 301,1,0,1,0,
FairyLand,19869,Cb,11KV,Reclose Auto Control,DNP,2,8096,pom 301,1,0,1,0,
FairyLand,19869,Cb,11KV,Reclose Non Auto Control,DNP,3,8096,pom 301,1,0,1,0,
FairyLand,19870,Cb,11KV,Reclose Auto Control,DNP,4,8096,pom 301,1,0,1,0,
FairyLand,19870,Cb,11KV,Reclose Non Auto Control,DNP,5,8096,pom 301,1,0,1,0,
FairyLand,19871,Cb,11KV,Reclose Auto Control,DNP,6,8096,pom 301,1,0,1,0,
FairyLand,19871,Cb,11KV,Reclose Non Auto Control,DNP,7,8096,pom 301,1,0,1,0,
FairyLand,19872,Cb,11KV,Reclose Auto Control,DNP,0,8112,pom 301,1,0,1,0,
FairyLand,19872,Cb,11KV,Reclose Non Auto Control,DNP,1,8112,pom 301,1,0,1,0,
FairyLand,B787,Cb,33KV,Open Control,DNP,0,8352,pom 302,0,0,0,0,
FairyLand,B787,Cb,33KV,Close Control,DNP,1,8352,pom 302,0,0,0,0,
FairyLand,1,Power Transformer,33KV,Raise,DNP,2,8352,pom 302,0,0,0,0,
FairyLand,1,Power Transformer,33KV,Lower,DNP,3,8352,pom 302,0,0,0,0,
FairyLand,B774,Cb,11KV,Open Control,DNP,6,8352,pom 302,0,0,0,0,
FairyLand,B774,Cb,11KV,Close Control,DNP,7,8352,pom 302,0,0,0,0,
FairyLand,SILC,Frequency Injection,Station,Run Code Control,DNP,0,9600,aom 301,1,0,1,0,
FairyLand,L505,Cb,11KV,Open Control,DNP,0,12432,pom 302,0,0,0,0,
FairyLand,L505,Cb,11KV,Close Control,DNP,1,12432,pom 302,0,0,0,0,
FairyLand,L506,Cb,11KV,Open Control,DNP,2,12432,pom 302,0,0,0,0,
FairyLand,L506,Cb,11KV,Close Control,DNP,3,12432,pom 302,0,0,0,0,
FairyLand,L507,Cb,11KV,Open Control,DNP,4,12432,pom 302,0,0,0,0,
FairyLand,L507,Cb,11KV,Close Control,DNP,5,12432,pom 302,0,0,0,0,
FairyLand,L508,Cb,11KV,Open Control,DNP,6,12432,pom 302,0,0,0,0,
FairyLand,L508,Cb,11KV,Close Control,DNP,7,12432,pom 302,0,0,0,0,
FairyLand,1,Power Transformer,33KV,GroupVoltsRaise,DNP,0,16192,pom 301,1,0,1,0,
FairyLand,1,Power Transformer,33KV,GroupVoltsLower,DNP,1,16192,pom 301,1,0,1,0,
FairyLand,1,Power Transformer,33KV,Standby Auto Control,DNP,2,16192,pom 301,1,0,1,0,
FairyLand,1,Power Transformer,33KV,Standby Non Auto Control,DNP,3,16192,pom 301,1,0,1,0,
FairyLand,1,Power Transformer,33KV,Parallel Op Auto Control,DNP,4,16192,pom 301,1,0,1,0,
FairyLand,1,Power Transformer,33KV,Parallel Op Non Auto Control,DNP,5,16192,pom 301,1,0,1,0,
FairyLand,1,Power Transformer,33KV,Volt Reg Auto Control,DNP,6,16192,pom 301,1,0,1,0,
FairyLand,1,Power Transformer,33KV,Volt Reg Non Auto Control,DNP,7,16192,pom 301,1,0,1,0,
FairyLand,L857,Cb,11KV,Open Control,DNP,0,16528,pom 302,0,0,0,0,
FairyLand,L857,Cb,11KV,Close Control,DNP,1,16528,pom 302,0,0,0,0,
FairyLand,B773,Cb,11KV,Open Control,DNP,2,16528,pom 302,0,0,0,0,
FairyLand,B773,Cb,11KV,Close Control,DNP,3,16528,pom 302,0,0,0,0,
FairyLand,B775,Cb,11KV,Open Control,DNP,4,16528,pom 302,0,0,0,0,
FairyLand,B775,Cb,11KV,Close Control,DNP,5,16528,pom 302,0,0,0,0,
FairyLand,B776,Cb,11KV,Open Control,DNP,6,16528,pom 302,0,0,0,0,
FairyLand,B776,Cb,11KV,Close Control,DNP,7,16528,pom 302,0,0,0,0,
FairyLand,L505,Cb,11KV,Reclose Auto Control,DNP,0,20288,pom 301,1,0,1,0,
FairyLand,L505,Cb,11KV,Reclose Non Auto Control,DNP,1,20288,pom 301,1,0,1,0,
FairyLand,L506,Cb,11KV,Reclose Auto Control,DNP,2,20288,pom 301,1,0,1,0,
FairyLand,L506,Cb,11KV,Reclose Non Auto Control,DNP,3,20288,pom 301,1,0,1,0,
FairyLand,L507,Cb,11KV,Reclose Auto Control,DNP,4,20288,pom 301,1,0,1,0,
FairyLand,L507,Cb,11KV,Reclose Non Auto Control,DNP,5,20288,pom 301,1,0,1,0,
FairyLand,L508,Cb,11KV,Reclose Auto Control,DNP,6,20288,pom 301,1,0,1,0,
FairyLand,L508,Cb,11KV,Reclose Non Auto Control,DNP,7,20288,pom 301,1,0,1,0,
FairyLand,22-26 FairyLand St, PixyLand,Emergency,Station,Acknowledge Control,DNP,1,50B0,dom 302,0,0,0,0
FairyLand,B773,Cb,11KV,Reclose Auto Control,DNP,0,24384,pom 301,1,0,1,0,
FairyLand,B773,Cb,11KV,Reclose Non Auto Control,DNP,1,24384,pom 301,1,0,1,0,
FairyLand,B775,Cb,11KV,Reclose Auto Control,DNP,2,24384,pom 301,1,0,1,0,
FairyLand,B775,Cb,11KV,Reclose Non Auto Control,DNP,3,24384,pom 301,1,0,1,0,
FairyLand,B776,Cb,11KV,Reclose Auto Control,DNP,4,24384,pom 301,1,0,1,0,
FairyLand,B776,Cb,11KV,Reclose Non Auto Control,DNP,5,24384,pom 301,1,0,1,0,
FairyLand,L857,Cb,11KV,Reclose Auto Control,DNP,6,24384,pom 301,1,0,1,0,
FairyLand,L857,Cb,11KV,Reclose Non Auto Control,DNP,7,24384,pom 301,1,0,1,0,
FairyLand,B790,Cb,33KV,Open Control,DNP,0,24736,pom 302,0,0,0,0,
FairyLand,B790,Cb,33KV,Close Control,DNP,1,24736,pom 302,0,0,0,0,
FairyLand,2,Power Transformer,33KV,Raise,DNP,2,24736,pom 302,0,0,0,0,
FairyLand,2,Power Transformer,33KV,Lower,DNP,3,24736,pom 302,0,0,0,0,
FairyLand,Common,SEF,Station,Auto Control,DNP,0,28480,pom 301,1,0,1,0,
FairyLand,Common,SEF,Station,Non Auto Control,DNP,1,28480,pom 301,1,0,1,0,
FairyLand,SILC,Frequency Injection,Station,Auto Control,DNP,2,28480,pom 301,1,0,1,0,
FairyLand,SILC,Frequency Injection,Station,Non Auto Control,DNP,3,28480,pom 301,1,0,1,0,
FairyLand,35118,Cb,33KV,Open Control,DNP,0,28816,pom 302,0,0,0,0,
FairyLand,35118,Cb,33KV,Close Control,DNP,1,28816,pom 302,0,0,0,0,
FairyLand,3,Power Transformer,33KV,Raise,DNP,2,28816,pom 302,0,0,0,0,
FairyLand,3,Power Transformer,33KV,Lower,DNP,3,28816,pom 302,0,0,0,0,
FairyLand,B779,Cb,11KV,Open Control,DNP,6,28816,pom 302,0,0,0,0,
FairyLand,B779,Cb,11KV,Close Control,DNP,7,28816,pom 302,0,0,0,0,
FairyLand,2,Power Transformer,33KV,GroupVoltsRaise,DNP,0,32576,pom 301,1,0,1,0,
FairyLand,2,Power Transformer,33KV,GroupVoltsLower,DNP,1,32576,pom 301,1,0,1,0,
FairyLand,2,Power Transformer,33KV,Standby Auto Control,DNP,2,32576,pom 301,1,0,1,0,
FairyLand,2,Power Transformer,33KV,Standby Non Auto Control,DNP,3,32576,pom 301,1,0,1,0,
FairyLand,2,Power Transformer,33KV,Parallel Op Auto Control,DNP,4,32576,pom 301,1,0,1,0,
FairyLand,2,Power Transformer,33KV,Parallel Op Non Auto Control,DNP,5,32576,pom 301,1,0,1,0,
FairyLand,2,Power Transformer,33KV,Volt Reg Auto Control,DNP,6,32576,pom 301,1,0,1,0,
FairyLand,2,Power Transformer,33KV,Volt Reg Non Auto Control,DNP,7,32576,pom 301,1,0,1,0,
FairyLand,3,Power Transformer,33KV,GroupVoltsRaise,DNP,0,36672,pom 301,1,0,1,0,
FairyLand,3,Power Transformer,33KV,GroupVoltsLower,DNP,1,36672,pom 301,1,0,1,0,
FairyLand,3,Power Transformer,33KV,Standby Auto Control,DNP,2,36672,pom 301,1,0,1,0,
FairyLand,3,Power Transformer,33KV,Standby Non Auto Control,DNP,3,36672,pom 301,1,0,1,0,
FairyLand,3,Power Transformer,33KV,Parallel Op Auto Control,DNP,4,36672,pom 301,1,0,1,0,
FairyLand,3,Power Transformer,33KV,Parallel Op Non Auto Control,DNP,5,36672,pom 301,1,0,1,0,
FairyLand,3,Power Transformer,33KV,Volt Reg Auto Control,DNP,6,36672,pom 301,1,0,1,0,
FairyLand,3,Power Transformer,33KV,Volt Reg Non Auto Control,DNP,7,36672,pom 301,1,0,1,0,
FairyLand,B773,Cb,11KV,IOC/IEF Prot Disable Control,DNP,0,2144,dom 301,1,0,1,0,
FairyLand,B773,Cb,11KV,IOC/IEF Prot Enable Control,DNP,1,2144,dom 301,1,0,1,0,
FairyLand,B777,Cb,11KV,IOC/IEF Prot Disable Control,DNP,0,2128,dom 301,1,0,1,0,
FairyLand,B777,Cb,11KV,IOC/IEF Prot Enable Control,DNP,1,2128,dom 301,1,0,1,0,
FairyLand,B778,Cb,11KV,IOC/IEF Prot Disable Control,DNP,0,2160,dom 301,1,0,1,0,
FairyLand,B778,Cb,11KV,IOC/IEF Prot Enable Control,DNP,1,2160,dom 301,1,0,1,0,
FairyLand,1,Battery,Station,Volts,DNP,0,20512,aim 302,0,1,0,0,
FairyLand,2,Battery,Station,Volts,DNP,1,20512,aim 302,0,1,0,0,
FairyLand,36227,Cb,11KV,Current A,DNP,0,176,aim 302,0,1,0,0,
FairyLand,36227,Cb,11KV,Current B,DNP,1,176,aim 302,0,1,0,0,
FairyLand,36227,Cb,11KV,Current C,DNP,2,176,aim 302,0,1,0,0,
FairyLand,36232,Cb,11KV,Current A,DNP,4,176,aim 302,0,1,0,0,
FairyLand,36232,Cb,11KV,Current B,DNP,5,176,aim 302,0,1,0,0,
FairyLand,36232,Cb,11KV,Current C,DNP,6,176,aim 302,0,1,0,0,
FairyLand,35117,Cb,33KV,Current A,DNP,0,1600,aim 301,0,1,0,0,
FairyLand,35117,Cb,33KV,Current B,DNP,1,1600,aim 301,0,1,0,0,
FairyLand,35117,Cb,33KV,Current C,DNP,2,1600,aim 301,0,1,0,0,
FairyLand,35117,Cb,33KV,Fault Current A,DNP,3,1600,aim 301,0,1,0,0,
FairyLand,35117,Cb,33KV,Fault Current B,DNP,4,1600,aim 301,0,1,0,0,
FairyLand,35117,Cb,33KV,Fault Current C,DNP,5,1600,aim 301,0,1,0,0,
FairyLand,35116,Vt,33KV,Volts AB,DNP,3,4256,aim 302,0,1,0,0,
FairyLand,35116,Vt,33KV,Volts BC,DNP,4,4256,aim 302,0,1,0,0,
FairyLand,35116,Vt,33KV,Volts CA,DNP,5,4256,aim 302,0,1,0,0,
FairyLand,B789,Cb,33KV,Current A,DNP,0,4272,aim 302,0,1,0,0,
FairyLand,B789,Cb,33KV,Current B,DNP,1,4272,aim 302,0,1,0,0,
FairyLand,B789,Cb,33KV,Current C,DNP,2,4272,aim 302,0,1,0,0,
FairyLand,Y796,Vt,33KV,Volts AB,DNP,3,4272,aim 302,0,1,0,0,
FairyLand,Y796,Vt,33KV,Volts BC,DNP,4,4272,aim 302,0,1,0,0,
FairyLand,Y796,Vt,33KV,Volts CA,DNP,5,4272,aim 302,0,1,0,0,
FairyLand,B786,Cb,33KV,Current A,DNP,0,4288,aim 302,0,1,0,0,
FairyLand,B786,Cb,33KV,Current B,DNP,1,4288,aim 302,0,1,0,0,
FairyLand,B786,Cb,33KV,Current C,DNP,2,4288,aim 302,0,1,0,0,
FairyLand,Y795,Vt,33KV,Volts AB,DNP,3,4288,aim 302,0,1,0,0,
FairyLand,Y795,Vt,33KV,Volts BC,DNP,4,4288,aim 302,0,1,0,0,
FairyLand,Y795,Vt,33KV,Volts CA,DNP,5,4288,aim 302,0,1,0,0,
FairyLand,FairyLand,Station,Station,Database Major Number,DNP,0,4800,aim 302,0,1,0,0,
FairyLand,FairyLand,Station,Station,Database Minor Number,DNP,1,4800,aim 302,0,1,0,0,
FairyLand,FairyLand,Station,Station,Database Build Number,DNP,2,4800,aim 302,0,1,0,0,
FairyLand,PixyLand/FairyLand,Automated Scheme,Station,Code,DNP,3,4800,aim 302,0,1,0,0,
FairyLand,FairyLand223,Rtu Monitor,Communications,LowResEvent,DNP,4,4800,aim 302,0,1,0,0,
FairyLand,B774,Cb,11KV,Current A,DNP,0,8368,aim 302,0,1,0,0,
FairyLand,B774,Cb,11KV,Current B,DNP,1,8368,aim 302,0,1,0,0,
FairyLand,B774,Cb,11KV,Current C,DNP,2,8368,aim 302,0,1,0,0,
FairyLand,S555,Vt,11KV,Volts AB,DNP,3,8368,aim 302,0,1,0,0,
FairyLand,S555,Vt,11KV,Volts BC,DNP,4,8368,aim 302,0,1,0,0,
FairyLand,S555,Vt,11KV,Volts CA,DNP,5,8368,aim 302,0,1,0,0,
FairyLand,1,Power Transformer,33KV,PF Angle,DNP,7,8368,aim 302,0,1,0,0,
FairyLand,1,Power Transformer,33KV,Oil Temperature,DNP,6,8384,aim 302,0,1,0,0,
FairyLand,1,Power Transformer,33KV,Tap Position,DNP,0,12992,aim 302,0,1,0,0,
FairyLand,2,Power Transformer,33KV,Oil Temperature,DNP,6,24768,aim 302,0,1,0,0,
FairyLand,SILC,Frequency Injection,Station,RunCode,DNP,0,25280,aim 302,0,1,0,0,
FairyLand,SILC,Frequency Injection,Station,SET_POINT,DNP,1,25280,aim 302,0,1,0,0,
FairyLand,B779,Cb,11KV,Current A,DNP,0,28832,aim 302,1,0,1,0,
FairyLand,B779,Cb,11KV,Current B,DNP,1,28832,aim 302,1,0,1,0,
FairyLand,B779,Cb,11KV,Current C,DNP,2,28832,aim 302,1,0,1,0,
FairyLand,S556,Vt,11KV,Volts AB,DNP,3,28832,aim 302,1,0,1,0,
FairyLand,S556,Vt,11KV,Volts BC,DNP,4,28832,aim 302,1,0,1,0,
FairyLand,S556,Vt,11KV,Volts CA,DNP,5,28832,aim 302,1,0,1,0,
FairyLand,3,Power Transformer,33KV,PF Angle,DNP,7,28832,aim 302,1,0,1,0,
FairyLand,3,Power Transformer,33KV,Oil Temperature,DNP,6,28848,aim 302,1,0,1,0,
FairyLand,2,Power Transformer,33KV,Tap Position,DNP,0,29376,aim 302,0,1,0,0,
FairyLand,3,Power Transformer,33KV,Tap Position,DNP,0,33472,aim 302,1,0,1,0,
FairyLand,L505 P1,Feeder Protection,11KV,SEF Status,DNP,0,1888,dim 302,0,1,0,0,
FairyLand,L505 P1,Feeder Protection,11KV,Test Mode Status,DNP,1,1888,dim 302,0,1,0,0,
FairyLand,L505 P1,Feeder Protection,11KV,ARC_Init,DNP,0,1904,dim 301,0,1,0,0,
FairyLand,L505 P1,Feeder Protection,11KV,Cb Fail,DNP,1,1904,dim 301,0,1,0,0,
FairyLand,L505 P1,Feeder Protection,11KV,Earth Fault,DNP,2,1904,dim 301,0,1,0,0,
FairyLand,L505 P1,Feeder Protection,11KV,IOC/IEF Neutral Trip,DNP,3,1904,dim 301,0,1,0,0,
FairyLand,L505 P1,Feeder Protection,11KV,IOC/IEF Phase Trip,DNP,4,1904,dim 301,0,1,0,0,
FairyLand,L505 P1,Feeder Protection,11KV,Overcurrent,DNP,5,1904,dim 301,0,1,0,0,
FairyLand,L505 P1,Feeder Protection,11KV,SEF Timer,DNP,6,1904,dim 301,0,1,0,0,
FairyLand,L505 P1,Feeder Protection,11KV,SEF Trip,DNP,7,1904,dim 301,0,1,0,0,
FairyLand,L505,Cb,11KV,IOC/IEF Prot Status,DNP,8,1904,dim 301,0,1,0,0,
FairyLand,L505 P2,Feeder Protection,11KV,Cb Fail,DNP,0,1920,dim 301,0,1,0,0,
FairyLand,L505 P2,Feeder Protection,11KV,SEF Status,DNP,0,1936,dim 302,0,1,0,0,
FairyLand,L505 P1,Feeder Protection,11KV,RelayComms,DNP,2,3200,dim 302,0,0,0,0,
FairyLand,L505 P2,Feeder Protection,11KV,RelayComms,DNP,3,3200,dim 302,0,0,0,0,
FairyLand,L505 P2,Feeder Protection,11KV,Protection,DNP,5,12512,dim 302,0,1,0,0,
FairyLand,L505 P2,Feeder Protection,11KV,SEF Timer,DNP,6,12512,dim 302,0,1,0,0,
FairyLand,L505 P2,Feeder Protection,11KV,SEF Trip,DNP,7,12512,dim 302,0,1,0,0,
FairyLand,L505,Cb,11KV,SEF Status,DNP,8,15488,dim 302,0,1,0,0,
FairyLand,L505,Cb,11KV,SEF Status Discrepancy,DNP,9,15488,dim 302,0,1,0,0,
FairyLand,B775 P1,Feeder Protection,11KV,SEF Status,DNP,0,1952,dim 302,0,1,0,0,
FairyLand,B775 P1,Feeder Protection,11KV,Test Mode Status,DNP,1,1952,dim 302,0,1,0,0,
FairyLand,B775 P1,Feeder Protection,11KV,ARC_Init,DNP,0,1968,dim 301,0,1,0,0,
FairyLand,B775 P1,Feeder Protection,11KV,Cb Fail,DNP,1,1968,dim 301,0,1,0,0,
FairyLand,B775 P1,Feeder Protection,11KV,Earth Fault,DNP,2,1968,dim 301,0,1,0,0,
FairyLand,B775 P1,Feeder Protection,11KV,IOC/IEF Neutral Trip,DNP,3,1968,dim 301,0,1,0,0,
FairyLand,B775 P1,Feeder Protection,11KV,IOC/IEF Phase Trip,DNP,4,1968,dim 301,0,1,0,0,
FairyLand,B775 P1,Feeder Protection,11KV,Overcurrent,DNP,5,1968,dim 301,0,1,0,0,
FairyLand,B775 P1,Feeder Protection,11KV,SEF Timer,DNP,6,1968,dim 301,0,1,0,0,
FairyLand,B775 P1,Feeder Protection,11KV,SEF Trip,DNP,7,1968,dim 301,0,1,0,0,
FairyLand,B775,Cb,11KV,IOC/IEF Prot Status,DNP,8,1968,dim 301,0,1,0,0,
FairyLand,B775 P2,Feeder Protection,11KV,Cb Fail,DNP,0,1984,dim 301,0,1,0,0,
FairyLand,B775 P2,Feeder Protection,11KV,SEF Status,DNP,0,2000,dim 302,0,1,0,0,
FairyLand,19868,Protection,11KV,Trip Circuit,DNP,9,400,dim 302,0,1,0,0,
FairyLand,19868,Cb,11KV,Position,DNP,0,432,dim 302,0,1,0,0,
FairyLand,19868,Cb,11KV,Position,DNP,1,432,dim 302,0,1,0,0,
FairyLand,19868,Cb,11KV,Racking Status,DNP,2,432,dim 302,0,1,0,0,
FairyLand,19868,Cb,11KV,Earth,DNP,3,432,dim 302,0,1,0,0,
FairyLand,19868,Protection,11KV,Relay,DNP,4,432,dim 302,0,1,0,0,
FairyLand,19868 P2,Feeder Protection,11KV,Protection,DNP,5,432,dim 302,0,1,0,0,
FairyLand,19868 P2,Feeder Protection,11KV,SEF Timer,DNP,6,432,dim 302,0,1,0,0,
FairyLand,19868 P2,Feeder Protection,11KV,SEF Trip,DNP,7,432,dim 302,0,1,0,0,
FairyLand,19868 P1,Feeder Protection,11KV,ARC_Init,DNP,0,1088,dim 301,0,1,0,0,
FairyLand,19868 P1,Feeder Protection,11KV,Cb Fail,DNP,1,1088,dim 301,0,1,0,0,
FairyLand,19868 P1,Feeder Protection,11KV,Earth Fault,DNP,2,1088,dim 301,0,1,0,0,
FairyLand,19868 P1,Feeder Protection,11KV,IOC/IEF Neutral Trip,DNP,3,1088,dim 301,0,1,0,0,
FairyLand,19868 P1,Feeder Protection,11KV,IOC/IEF Phase Trip,DNP,4,1088,dim 301,0,1,0,0,
FairyLand,19868 P1,Feeder Protection,11KV,Overcurrent,DNP,5,1088,dim 301,0,1,0,0,
FairyLand,19868 P1,Feeder Protection,11KV,SEF Timer,DNP,6,1088,dim 301,0,1,0,0,
FairyLand,19868 P1,Feeder Protection,11KV,SEF Trip,DNP,7,1088,dim 301,0,1,0,0,
FairyLand,19868,Cb,11KV,IOC/IEF Prot Status,DNP,8,1088,dim 301,0,1,0,0,
FairyLand,19868 P2,Feeder Protection,11KV,Cb Fail,DNP,0,1136,dim 301,0,1,0,0,
FairyLand,19868 P1,Feeder Protection,11KV,SEF Status,DNP,0,1312,dim 302,0,1,0,0,
FairyLand,19868 P1,Feeder Protection,11KV,Test Mode Status,DNP,1,1312,dim 302,0,1,0,0,
FairyLand,19868 P2,Feeder Protection,11KV,SEF Status,DNP,0,1328,dim 302,0,1,0,0,
FairyLand,19868,Cb,11KV,SEF Status,DNP,13,3232,dim 302,0,0,0,0,
FairyLand,19868,Cb,11KV,SEF Status Discrepancy,DNP,14,3232,dim 302,0,0,0,0,
FairyLand,19868 P1,Feeder Protection,11KV,RelayComms,DNP,6,3248,dim 302,0,0,0,0,
FairyLand,19868 P2,Feeder Protection,11KV,RelayComms,DNP,7,3248,dim 302,0,0,0,0,
FairyLand,19870,Protection,11KV,Trip Circuit,DNP,11,400,dim 302,0,1,0,0,
FairyLand,19870,Cb,11KV,Position,DNP,0,416,dim 302,0,1,0,0,
FairyLand,19870,Cb,11KV,Position,DNP,1,416,dim 302,0,1,0,0,
FairyLand,19870,Cb,11KV,Racking Status,DNP,2,416,dim 302,0,1,0,0,
FairyLand,19870,Cb,11KV,Earth,DNP,3,416,dim 302,0,1,0,0,
FairyLand,19870,Protection,11KV,Relay,DNP,4,416,dim 302,0,1,0,0,
FairyLand,19870 P2,Feeder Protection,11KV,Protection,DNP,5,416,dim 302,0,1,0,0,
FairyLand,19870 P2,Feeder Protection,11KV,SEF Timer,DNP,6,416,dim 302,0,1,0,0,
FairyLand,19870 P2,Feeder Protection,11KV,SEF Trip,DNP,7,416,dim 302,0,1,0,0,
FairyLand,B780,Protection,11KV,Trip Circuit,DNP,14,480,dim 302,0,1,0,0,
FairyLand,B781,Protection,11KV,Trip Circuit,DNP,15,480,dim 302,0,1,0,0,
FairyLand,19870 P1,Feeder Protection,11KV,ARC_Init,DNP,0,1168,dim 301,0,1,0,0,
FairyLand,19870 P1,Feeder Protection,11KV,Cb Fail,DNP,1,1168,dim 301,0,1,0,0,
FairyLand,19870 P1,Feeder Protection,11KV,Earth Fault,DNP,2,1168,dim 301,0,1,0,0,
FairyLand,19870 P1,Feeder Protection,11KV,IOC/IEF Neutral Trip,DNP,3,1168,dim 301,0,1,0,0,
FairyLand,19870 P1,Feeder Protection,11KV,IOC/IEF Phase Trip,DNP,4,1168,dim 301,0,1,0,0,
FairyLand,19870 P1,Feeder Protection,11KV,Overcurrent,DNP,5,1168,dim 301,0,1,0,0,
FairyLand,19870 P1,Feeder Protection,11KV,SEF Timer,DNP,6,1168,dim 301,0,1,0,0,
FairyLand,19870 P1,Feeder Protection,11KV,SEF Trip,DNP,7,1168,dim 301,0,1,0,0,
FairyLand,19870,Cb,11KV,IOC/IEF Prot Status,DNP,8,1168,dim 301,0,1,0,0,
FairyLand,19870 P2,Feeder Protection,11KV,Cb Fail,DNP,0,1232,dim 301,0,1,0,0,
FairyLand,L505,Under Freq Load Shed,11KV,Trip,DNP,0,1248,dim 301,0,1,0,0,
FairyLand,L506,Under Freq Load Shed,11KV,Trip,DNP,1,1248,dim 301,0,1,0,0,
FairyLand,L507,Under Freq Load Shed,11KV,Trip,DNP,2,1248,dim 301,0,1,0,0,
FairyLand,L508,Under Freq Load Shed,11KV,Trip,DNP,3,1248,dim 301,0,1,0,0,
FairyLand,L857,Under Freq Load Shed,11KV,Trip,DNP,4,1248,dim 301,0,1,0,0,
FairyLand,B773,Under Freq Load Shed,11KV,Trip,DNP,5,1248,dim 301,0,1,0,0,
FairyLand,B775,Under Freq Load Shed,11KV,Trip,DNP,6,1248,dim 301,0,1,0,0,
FairyLand,B776,Under Freq Load Shed,11KV,Trip,DNP,7,1248,dim 301,0,1,0,0,
FairyLand,B777,Under Freq Load Shed,11KV,Trip,DNP,8,1248,dim 301,0,1,0,0,
FairyLand,B778,Under Freq Load Shed,11KV,Trip,DNP,9,1248,dim 301,0,1,0,0,
FairyLand,19868,Under Freq Load Shed,11KV,Trip,DNP,10,1248,dim 301,0,1,0,0,
FairyLand,19869,Under Freq Load Shed,11KV,Trip,DNP,11,1248,dim 301,0,1,0,0,
FairyLand,19870,Under Freq Load Shed,11KV,Trip,DNP,12,1248,dim 301,0,1,0,0,
FairyLand,19871,Under Freq Load Shed,11KV,Trip,DNP,13,1248,dim 301,0,1,0,0,
FairyLand,19872,Under Freq Load Shed,11KV,Trip,DNP,14,1248,dim 301,0,1,0,0,
FairyLand,UFLS Common,Under Freq Load Shed,11KV,Stage 1,DNP,15,1248,dim 301,0,1,0,0,
FairyLand,UFLS Common,Under Freq Load Shed,11KV,Stage 2,DNP,0,1264,dim 301,0,1,0,0,
FairyLand,UFLS Common,Under Freq Load Shed,11KV,UnderVolt_Block,DNP,1,1264,dim 301,0,1,0,0,
FairyLand,19870 P1,Feeder Protection,11KV,SEF Status,DNP,0,2352,dim 302,0,1,0,0,
FairyLand,19870 P1,Feeder Protection,11KV,Test Mode Status,DNP,1,2352,dim 302,0,1,0,0,
FairyLand,19870 P2,Feeder Protection,11KV,SEF Status,DNP,0,2368,dim 302,0,1,0,0,
FairyLand,L505,Under Freq Load Shed,11KV,UflsStage1,DNP,0,2512,dim 302,0,1,0,0,
FairyLand,L505,Under Freq Load Shed,11KV,UflsStage2,DNP,1,2512,dim 302,0,1,0,0,
FairyLand,L506,Under Freq Load Shed,11KV,UflsStage1,DNP,2,2512,dim 302,0,1,0,0,
FairyLand,L506,Under Freq Load Shed,11KV,UflsStage2,DNP,3,2512,dim 302,0,1,0,0,
FairyLand,L507,Under Freq Load Shed,11KV,UflsStage1,DNP,4,2512,dim 302,0,1,0,0,
FairyLand,L507,Under Freq Load Shed,11KV,UflsStage2,DNP,5,2512,dim 302,0,1,0,0,
FairyLand,L508,Under Freq Load Shed,11KV,UflsStage1,DNP,6,2512,dim 302,0,1,0,0,
FairyLand,L508,Under Freq Load Shed,11KV,UflsStage2,DNP,7,2512,dim 302,0,1,0,0,
FairyLand,L857,Under Freq Load Shed,11KV,UflsStage1,DNP,8,2512,dim 302,0,1,0,0,
FairyLand,L857,Under Freq Load Shed,11KV,UflsStage2,DNP,9,2512,dim 302,0,1,0,0,
FairyLand,B773,Under Freq Load Shed,11KV,UflsStage1,DNP,10,2512,dim 302,0,1,0,0,
FairyLand,B773,Under Freq Load Shed,11KV,UflsStage2,DNP,11,2512,dim 302,0,1,0,0,
FairyLand,B775,Under Freq Load Shed,11KV,UflsStage1,DNP,12,2512,dim 302,0,1,0,0,
FairyLand,B775,Under Freq Load Shed,11KV,UflsStage2,DNP,13,2512,dim 302,0,1,0,0,
FairyLand,B776,Under Freq Load Shed,11KV,UflsStage1,DNP,14,2512,dim 302,0,1,0,0,
FairyLand,B776,Under Freq Load Shed,11KV,UflsStage2,DNP,15,2512,dim 302,0,1,0,0,
FairyLand,B777,Under Freq Load Shed,11KV,UflsStage1,DNP,0,2528,dim 302,0,1,0,0,
FairyLand,B777,Under Freq Load Shed,11KV,UflsStage2,DNP,1,2528,dim 302,0,1,0,0,
FairyLand,B778,Under Freq Load Shed,11KV,UflsStage1,DNP,2,2528,dim 302,0,1,0,0,
FairyLand,B778,Under Freq Load Shed,11KV,UflsStage2,DNP,3,2528,dim 302,0,1,0,0,
FairyLand,19868,Under Freq Load Shed,11KV,UflsStage1,DNP,4,2528,dim 302,0,1,0,0,
FairyLand,19868,Under Freq Load Shed,11KV,UflsStage2,DNP,5,2528,dim 302,0,1,0,0,
FairyLand,19869,Under Freq Load Shed,11KV,UflsStage1,DNP,6,2528,dim 302,0,1,0,0,
FairyLand,19869,Under Freq Load Shed,11KV,UflsStage2,DNP,7,2528,dim 302,0,1,0,0,
FairyLand,19870,Under Freq Load Shed,11KV,UflsStage1,DNP,8,2528,dim 302,0,1,0,0,
FairyLand,19870,Under Freq Load Shed,11KV,UflsStage2,DNP,9,2528,dim 302,0,1,0,0,
FairyLand,19871,Under Freq Load Shed,11KV,UflsStage1,DNP,10,2528,dim 302,0,1,0,0,
FairyLand,19871,Under Freq Load Shed,11KV,UflsStage2,DNP,11,2528,dim 302,0,1,0,0,
FairyLand,19872,Under Freq Load Shed,11KV,UflsStage1,DNP,12,2528,dim 302,0,1,0,0,
FairyLand,19872,Under Freq Load Shed,11KV,UflsStage2,DNP,13,2528,dim 302,0,1,0,0,
FairyLand,UFLS Common,Under Freq Load Shed,11KV,Test Mode Status,DNP,14,2528,dim 302,0,1,0,0,
FairyLand,19870 P1,Feeder Protection,11KV,RelayComms,DNP,10,3248,dim 302,0,0,0,0,
FairyLand,19870 P2,Feeder Protection,11KV,RelayComms,DNP,11,3248,dim 302,0,0,0,0,
FairyLand,19870,Cb,11KV,SEF Status,DNP,0,3264,dim 302,0,0,0,0,
FairyLand,19870,Cb,11KV,SEF Status Discrepancy,DNP,1,3264,dim 302,0,0,0,0,
FairyLand,L505,Under Freq Load Shed,11KV,UflsStage3,DNP,0,3280,dim 302,0,1,0,0,
FairyLand,L506,Under Freq Load Shed,11KV,UflsStage3,DNP,1,3280,dim 302,0,1,0,0,
FairyLand,L507,Under Freq Load Shed,11KV,UflsStage3,DNP,2,3280,dim 302,0,1,0,0,
FairyLand,L508,Under Freq Load Shed,11KV,UflsStage3,DNP,3,3280,dim 302,0,1,0,0,
FairyLand,L857,Under Freq Load Shed,11KV,UflsStage3,DNP,4,3280,dim 302,0,1,0,0,
FairyLand,B773,Under Freq Load Shed,11KV,UflsStage3,DNP,5,3280,dim 302,0,1,0,0,
FairyLand,B775,Under Freq Load Shed,11KV,UflsStage3,DNP,6,3280,dim 302,0,1,0,0,
FairyLand,B776,Under Freq Load Shed,11KV,UflsStage3,DNP,7,3280,dim 302,0,1,0,0,
FairyLand,B777,Under Freq Load Shed,11KV,UflsStage3,DNP,8,3280,dim 302,0,1,0,0,
FairyLand,B778,Under Freq Load Shed,11KV,UflsStage3,DNP,9,3280,dim 302,0,1,0,0,
FairyLand,19868,Under Freq Load Shed,11KV,UflsStage3,DNP,10,3280,dim 302,0,1,0,0,
FairyLand,19869,Under Freq Load Shed,11KV,UflsStage3,DNP,11,3280,dim 302,0,1,0,0,
FairyLand,19870,Under Freq Load Shed,11KV,UflsStage3,DNP,12,3280,dim 302,0,1,0,0,
FairyLand,19871,Under Freq Load Shed,11KV,UflsStage3,DNP,13,3280,dim 302,0,1,0,0,
FairyLand,19872,Under Freq Load Shed,11KV,UflsStage3,DNP,14,3280,dim 302,0,1,0,0,
FairyLand,UFLS Common,Under Freq Load Shed,11KV,RelayComms,DNP,0,3296,dim 302,0,0,0,0,
FairyLand,UFLS Common,Under Freq Load Shed,11KV,Relay,DNP,12,20672,dim 302,0,1,0,0,
FairyLand,Group CB Fail,Protection,11KV,Protection,DNP,2,20704,dim 302,0,1,0,0,
FairyLand,Group CB Fail,Protection,11KV,Trip Fuse,DNP,3,20704,dim 302,0,1,0,0,
FairyLand,L507 P1,Feeder Protection,11KV,SEF Status,DNP,0,2016,dim 302,0,1,0,0,
FairyLand,L507 P1,Feeder Protection,11KV,Test Mode Status,DNP,1,2016,dim 302,0,1,0,0,
FairyLand,L507 P1,Feeder Protection,11KV,ARC_Init,DNP,0,2032,dim 301,0,1,0,0,
FairyLand,Frame Leakage Section 2,Protection,11KV,Protection,DNP,5,20704,dim 302,0,1,0,0,
FairyLand,Frame Leakage Section 2,Protection,11KV,Relay,DNP,6,20704,dim 302,0,1,0,0,
FairyLand,B776 P1,Feeder Protection,11KV,SEF Status,DNP,0,1824,dim 302,0,1,0,0,
FairyLand,B776 P1,Feeder Protection,11KV,Test Mode Status,DNP,1,1824,dim 302,0,1,0,0,
FairyLand,B776 P1,Feeder Protection,11KV,ARC_Init,DNP,0,1840,dim 301,0,1,0,0,
FairyLand,B776 P1,Feeder Protection,11KV,Cb Fail,DNP,1,1840,dim 301,0,1,0,0,
FairyLand,B776 P1,Feeder Protection,11KV,Earth Fault,DNP,2,1840,dim 301,0,1,0,0,
FairyLand,L506 P1,Feeder Protection,11KV,SEF Status,DNP,0,1696,dim 302,0,1,0,0,
FairyLand,L506 P1,Feeder Protection,11KV,Test Mode Status,DNP,1,1696,dim 302,0,1,0,0,
FairyLand,L506 P1,Feeder Protection,11KV,ARC_Init,DNP,0,1712,dim 301,0,1,0,0,
FairyLand,L506 P1,Feeder Protection,11KV,Cb Fail,DNP,1,1712,dim 301,0,1,0,0,
FairyLand,L506 P1,Feeder Protection,11KV,Earth Fault,DNP,2,1712,dim 301,0,1,0,0,
FairyLand,L506 P1,Feeder Protection,11KV,IOC/IEF Neutral Trip,DNP,3,1712,dim 301,0,1,0,0,
FairyLand,L506 P1,Feeder Protection,11KV,IOC/IEF Phase Trip,DNP,4,1712,dim 301,0,1,0,0,
FairyLand,L506 P1,Feeder Protection,11KV,Overcurrent,DNP,5,1712,dim 301,0,1,0,0,
FairyLand,L506 P1,Feeder Protection,11KV,SEF Timer,DNP,6,1712,dim 301,0,1,0,0,
FairyLand,L506 P1,Feeder Protection,11KV,SEF Trip,DNP,7,1712,dim 301,0,1,0,0,
FairyLand,L506,Cb,11KV,IOC/IEF Prot Status,DNP,8,1712,dim 301,0,1,0,0,
FairyLand,L506 P2,Feeder Protection,11KV,Cb Fail,DNP,0,1728,dim 301,0,1,0,0,
FairyLand,L506 P2,Feeder Protection,11KV,SEF Status,DNP,0,1744,dim 302,0,1,0,0,
FairyLand,L506 P1,Feeder Protection,11KV,RelayComms,DNP,4,3200,dim 302,0,0,0,0,
FairyLand,L506 P2,Feeder Protection,11KV,RelayComms,DNP,5,3200,dim 302,0,0,0,0,
FairyLand,L506 P2,Feeder Protection,11KV,Protection,DNP,13,12512,dim 302,0,1,0,0,
FairyLand,L506 P2,Feeder Protection,11KV,SEF Timer,DNP,14,12512,dim 302,0,1,0,0,
FairyLand,L506 P2,Feeder Protection,11KV,SEF Trip,DNP,15,12512,dim 302,0,1,0,0,
FairyLand,L506,Cb,11KV,SEF Status,DNP,4,15488,dim 302,0,1,0,0,
FairyLand,L857 P1,Feeder Protection,11KV,SEF Status,DNP,0,1424,dim 302,0,1,0,0,
FairyLand,L857 P1,Feeder Protection,11KV,Test Mode Status,DNP,1,1424,dim 302,0,1,0,0,
FairyLand,L857 P2,Feeder Protection,11KV,SEF Status,DNP,0,1440,dim 302,0,1,0,0,
FairyLand,L857 P1,Feeder Protection,11KV,ARC_Init,DNP,0,1456,dim 301,0,1,0,0,
FairyLand,L857 P1,Feeder Protection,11KV,Cb Fail,DNP,1,1456,dim 301,0,1,0,0,
FairyLand,L857 P1,Feeder Protection,11KV,Earth Fault,DNP,2,1456,dim 301,0,1,0,0,
FairyLand,L857 P1,Feeder Protection,11KV,IOC/IEF Neutral Trip,DNP,3,1456,dim 301,0,1,0,0,
FairyLand,L857 P1,Feeder Protection,11KV,IOC/IEF Phase Trip,DNP,4,1456,dim 301,0,1,0,0,
FairyLand,L857 P1,Feeder Protection,11KV,Overcurrent,DNP,5,1456,dim 301,0,1,0,0,
FairyLand,L857 P1,Feeder Protection,11KV,SEF Timer,DNP,6,1456,dim 301,0,1,0,0,
FairyLand,L857 P1,Feeder Protection,11KV,SEF Trip,DNP,7,1456,dim 301,0,1,0,0,
FairyLand,L857,Cb,11KV,IOC/IEF Prot Status,DNP,8,1456,dim 301,0,1,0,0,
FairyLand,L857 P2,Feeder Protection,11KV,Cb Fail,DNP,0,1472,dim 301,0,1,0,0,
FairyLand,L857 P1,Feeder Protection,11KV,RelayComms,DNP,10,3200,dim 302,0,0,0,0,
FairyLand,L857 P2,Feeder Protection,11KV,RelayComms,DNP,11,3200,dim 302,0,0,0,0,
FairyLand,L857 P2,Feeder Protection,11KV,Protection,DNP,5,16608,dim 302,0,1,0,0,
FairyLand,B776 P1,Feeder Protection,11KV,IOC/IEF Neutral Trip,DNP,3,1840,dim 301,0,1,0,0,
FairyLand,B776 P1,Feeder Protection,11KV,IOC/IEF Phase Trip,DNP,4,1840,dim 301,0,1,0,0,
FairyLand,B776 P1,Feeder Protection,11KV,Overcurrent,DNP,5,1840,dim 301,0,1,0,0,
FairyLand,B776 P1,Feeder Protection,11KV,SEF Timer,DNP,6,1840,dim 301,0,1,0,0,
FairyLand,B776 P1,Feeder Protection,11KV,SEF Trip,DNP,7,1840,dim 301,0,1,0,0,
FairyLand,B776,Cb,11KV,IOC/IEF Prot Status,DNP,8,1840,dim 301,0,1,0,0,
FairyLand,L508 P1,Feeder Protection,11KV,SEF Status,DNP,0,1760,dim 302,0,1,0,0,
FairyLand,L508 P1,Feeder Protection,11KV,Test Mode Status,DNP,1,1760,dim 302,0,1,0,0,
FairyLand,L508 P1,Feeder Protection,11KV,ARC_Init,DNP,0,1776,dim 301,0,1,0,0,
FairyLand,B776 P2,Feeder Protection,11KV,Cb Fail,DNP,0,1856,dim 301,0,1,0,0,
FairyLand,B776 P2,Feeder Protection,11KV,SEF Status,DNP,0,1872,dim 302,0,1,0,0,
FairyLand,B776 P1,Feeder Protection,11KV,RelayComms,DNP,0,3248,dim 302,0,0,0,0,
FairyLand,B776 P2,Feeder Protection,11KV,RelayComms,DNP,1,3248,dim 302,0,0,0,0,
FairyLand,B776 P2,Feeder Protection,11KV,Protection,DNP,13,16592,dim 302,0,1,0,0,
FairyLand,B776 P2,Feeder Protection,11KV,SEF Timer,DNP,14,16592,dim 302,0,1,0,0,
FairyLand,B776 P2,Feeder Protection,11KV,SEF Trip,DNP,15,16592,dim 302,0,1,0,0,
FairyLand,B776,Cb,11KV,SEF Status,DNP,8,19584,dim 302,0,1,0,0,
FairyLand,B776,Cb,11KV,SEF Status Discrepancy,DNP,9,19584,dim 302,0,1,0,0,
FairyLand,L508 P1,Feeder Protection,11KV,Cb Fail,DNP,1,1776,dim 301,0,1,0,0,
FairyLand,L508 P1,Feeder Protection,11KV,Earth Fault,DNP,2,1776,dim 301,0,1,0,0,
FairyLand,L508 P1,Feeder Protection,11KV,IOC/IEF Neutral Trip,DNP,3,1776,dim 301,0,1,0,0,
FairyLand,B773 P1,Feeder Protection,11KV,SEF Status,DNP,0,1552,dim 302,0,1,0,0,
FairyLand,35123,Motorised Switch,11KV,Position,DNP,0,192,dim 302,0,1,0,0,
FairyLand,35123,Motorised Switch,11KV,Position,DNP,1,192,dim 302,0,1,0,0,
FairyLand,35123,Motorised Switch,11KV,Status,DNP,2,192,dim 302,0,1,0,0,
FairyLand,35129,Motorised Switch,11KV,Position,DNP,4,192,dim 302,0,1,0,0,
FairyLand,35129,Motorised Switch,11KV,Position,DNP,5,192,dim 302,0,1,0,0,
FairyLand,35129,Motorised Switch,11KV,Status,DNP,6,192,dim 302,0,1,0,0,
FairyLand,35117,Cb,33KV,Spring Charge,DNP,10,192,dim 302,0,1,0,0,
FairyLand,46362,Isolator,33KV,Position,DNP,11,192,dim 302,0,1,0,0,
FairyLand,46362,Isolator,33KV,Position,DNP,12,192,dim 302,0,1,0,0,
FairyLand,46363,Earth Switch,33KV,Position,DNP,13,192,dim 302,0,1,0,0,
FairyLand,46363,Earth Switch,33KV,Position,DNP,14,192,dim 302,0,1,0,0,
FairyLand,35117,Busbar Protection,33KV,System,DNP,15,192,dim 302,0,1,0,0,
FairyLand,35125,Motorised Switch,11KV,Position,DNP,0,208,dim 302,0,1,0,0,
FairyLand,35125,Motorised Switch,11KV,Position,DNP,1,208,dim 302,0,1,0,0,
FairyLand,35125,Motorised Switch,11KV,Status,DNP,2,208,dim 302,0,1,0,0,
FairyLand,35119,Motorised Switch,11KV,Position,DNP,4,208,dim 302,0,1,0,0,
FairyLand,35119,Motorised Switch,11KV,Position,DNP,5,208,dim 302,0,1,0,0,
FairyLand,35119,Motorised Switch,11KV,Status,DNP,6,208,dim 302,0,1,0,0,
FairyLand,35127,Motorised Switch,11KV,Position,DNP,8,208,dim 302,0,1,0,0,
FairyLand,35127,Motorised Switch,11KV,Position,DNP,9,208,dim 302,0,1,0,0,
FairyLand,35127,Motorised Switch,11KV,Status,DNP,10,208,dim 302,0,1,0,0,
FairyLand,35122,Motorised Switch,11KV,Position,DNP,12,208,dim 302,0,1,0,0,
FairyLand,35122,Motorised Switch,11KV,Position,DNP,13,208,dim 302,0,1,0,0,
FairyLand,35122,Motorised Switch,11KV,Status,DNP,14,208,dim 302,0,1,0,0,
FairyLand,36232,Cb,11KV,Position,DNP,0,224,dim 302,0,1,0,0,
FairyLand,36232,Cb,11KV,Position,DNP,1,224,dim 302,0,1,0,0,
FairyLand,36232,Protection,11KV,Trip Circuit,DNP,3,224,dim 302,0,1,0,0,
FairyLand,36232,Protection,11KV,Overcurrent/Earth Fault,DNP,4,224,dim 302,0,1,0,0,
FairyLand,36230,Isolator,11KV,Position,DNP,5,224,dim 302,0,1,0,0,
FairyLand,36231,Earth Switch,11KV,Position,DNP,6,224,dim 302,0,1,0,0,
FairyLand,36233,Motorised Switch,11KV,Position,DNP,7,224,dim 302,0,1,0,0,
FairyLand,36233,Motorised Switch,11KV,Position,DNP,8,224,dim 302,0,1,0,0,
FairyLand,Cap 2 Step 1,Capacitor,11KV,Unbalance,DNP,9,224,dim 302,0,1,0,0,
FairyLand,36234,Motorised Switch,11KV,Position,DNP,10,224,dim 302,0,1,0,0,
FairyLand,36234,Motorised Switch,11KV,Position,DNP,11,224,dim 302,0,1,0,0,
FairyLand,Cap 2 Step 2,Capacitor,11KV,Unbalance,DNP,12,224,dim 302,0,1,0,0,
FairyLand,36232,Cb,11KV,Status,DNP,15,224,dim 302,0,1,0,0,
FairyLand,36227,Cb,11KV,Position,DNP,0,240,dim 302,0,1,0,0,
FairyLand,36227,Cb,11KV,Position,DNP,1,240,dim 302,0,1,0,0,
FairyLand,36227,Protection,11KV,Trip Circuit,DNP,3,240,dim 302,0,1,0,0,
FairyLand,36227,Protection,11KV,Overcurrent/Earth Fault,DNP,4,240,dim 302,0,1,0,0,
FairyLand,36225,Isolator,11KV,Position,DNP,5,240,dim 302,0,1,0,0,
FairyLand,36226,Earth Switch,11KV,Position,DNP,6,240,dim 302,0,1,0,0,
FairyLand,36228,Motorised Switch,11KV,Position,DNP,7,240,dim 302,0,1,0,0,
FairyLand,36228,Motorised Switch,11KV,Position,DNP,8,240,dim 302,0,1,0,0,
FairyLand,Cap 1 Step 1,Capacitor,11KV,Unbalance,DNP,9,240,dim 302,0,1,0,0,
FairyLand,36229,Motorised Switch,11KV,Position,DNP,10,240,dim 302,0,1,0,0,
FairyLand,36229,Motorised Switch,11KV,Position,DNP,11,240,dim 302,0,1,0,0,
FairyLand,Cap 1 Step 2,Capacitor,11KV,Unbalance,DNP,12,240,dim 302,0,1,0,0,
FairyLand,36227,Cb,11KV,Status,DNP,15,240,dim 302,0,1,0,0,
FairyLand,B780,Cb,11KV,Position,DNP,0,480,dim 302,0,1,0,0,
FairyLand,B780,Cb,11KV,Position,DNP,1,480,dim 302,0,1,0,0,
FairyLand,B780,Cb,11KV,Racking Status,DNP,2,480,dim 302,0,1,0,0,
FairyLand,Frame Leakage Section 2,Protection,11KV,Trip Fuse,DNP,7,20704,dim 302,0,1,0,0,
FairyLand,B781,Cb,11KV,Position,DNP,8,480,dim 302,0,1,0,0,
FairyLand,B781,Cb,11KV,Position,DNP,9,480,dim 302,0,1,0,0,
FairyLand,B781,Cb,11KV,Racking Status,DNP,10,480,dim 302,0,1,0,0,
FairyLand,B778,Protection,11KV,Trip Circuit,DNP,12,480,dim 302,0,1,0,0,
FairyLand,B777,Cb,11KV,Position,DNP,0,496,dim 302,0,1,0,0,
FairyLand,B777,Cb,11KV,Position,DNP,1,496,dim 302,0,1,0,0,
FairyLand,B777,Cb,11KV,Group Racking Status,DNP,2,496,dim 302,0,1,0,0,
FairyLand,B777,Cb,11KV,Transfer Racking Status,DNP,3,496,dim 302,0,1,0,0,
FairyLand,B777,Protection,11KV,Trip Circuit,DNP,13,480,dim 302,0,1,0,0,
FairyLand,B778,Cb,11KV,Position,DNP,8,496,dim 302,0,1,0,0,
FairyLand,B778,Cb,11KV,Position,DNP,9,496,dim 302,0,1,0,0,
FairyLand,B778,Cb,11KV,Group Racking Status,DNP,10,496,dim 302,0,1,0,0,
FairyLand,B778,Cb,11KV,Transfer Racking Status,DNP,11,496,dim 302,0,1,0,0,
FairyLand,B778,Protection,11KV,Relay,DNP,12,496,dim 302,0,1,0,0,
FairyLand,B778 P2,Feeder Protection,11KV,Protection,DNP,13,496,dim 302,0,1,0,0,
FairyLand,B778 P2,Feeder Protection,11KV,SEF Timer,DNP,14,496,dim 302,0,1,0,0,
FairyLand,B778 P2,Feeder Protection,11KV,SEF Trip,DNP,15,496,dim 302,0,1,0,0,
FairyLand,19869,Protection,11KV,Trip Circuit,DNP,10,400,dim 302,0,1,0,0,
FairyLand,19869,Cb,11KV,Position,DNP,8,432,dim 302,0,1,0,0,
FairyLand,19869,Cb,11KV,Position,DNP,9,432,dim 302,0,1,0,0,
FairyLand,19871,Protection,11KV,Trip Circuit,DNP,12,400,dim 302,0,1,0,0,
FairyLand,19871,Cb,11KV,Position,DNP,8,416,dim 302,0,1,0,0,
FairyLand,19871,Cb,11KV,Position,DNP,9,416,dim 302,0,1,0,0,
FairyLand,19872,Cb,11KV,Position,DNP,0,400,dim 302,0,1,0,0,
FairyLand,19872,Cb,11KV,Position,DNP,1,400,dim 302,0,1,0,0,
FairyLand,19872,Cb,11KV,Racking Status,DNP,2,400,dim 302,0,1,0,0,
FairyLand,Trf 2 P2,Transformer Protection,11KV,AutoStandby Block,DNP,0,1408,dim 301,0,1,0,0,
FairyLand,Trf 2 P2,Transformer Protection,11KV,Cb Fail,DNP,1,1408,dim 301,0,1,0,0,
FairyLand,Trf 2 P2,Transformer Protection,11KV,Earth Fault,DNP,2,1408,dim 301,0,1,0,0,
FairyLand,19869,Cb,11KV,Racking Status,DNP,10,432,dim 302,0,1,0,0,
FairyLand,19871,Cb,11KV,Racking Status,DNP,10,416,dim 302,0,1,0,0,
FairyLand,19872,Cb,11KV,Earth,DNP,3,400,dim 302,0,1,0,0,
FairyLand,35117,Protection,33KV,Relay Comms,DNP,0,3200,dim 302,0,0,0,0,
FairyLand,PixyLand/FairyLand,Automated Scheme,Station,Status,DNP,0,3216,dim 302,0,0,0,0,
FairyLand,System,Supervisory,Station,Auto Standby,DNP,1,3216,dim 302,0,0,0,0,
FairyLand,System,Supervisory,Station,Capacitor Control,DNP,2,3216,dim 302,0,0,0,0,
FairyLand,System,Supervisory,Station,Control Set To,DNP,3,3216,dim 302,0,0,0,0,
FairyLand,System,Supervisory,Station,Reclose 11kV,DNP,4,3216,dim 302,0,0,0,0,
FairyLand,System,Supervisory,Station,Voltage Regulation,DNP,5,3216,dim 302,0,0,0,0,
FairyLand,9562,Load Monitor,Zone,Load,DNP,6,3216,dim 302,0,0,0,0,
FairyLand,9562,Load Monitor,Zone,Status,DNP,7,3216,dim 302,0,0,0,0,
FairyLand,Cap 1 Step 1,Capacitor,11KV,Discharge,DNP,8,3216,dim 302,0,0,0,0,
FairyLand,Cap 1 Step 2,Capacitor,11KV,Discharge,DNP,9,3216,dim 302,0,0,0,0,
FairyLand,Cap 2 Step 1,Capacitor,11KV,Discharge,DNP,10,3216,dim 302,0,0,0,0,
FairyLand,Cap 2 Step 2,Capacitor,11KV,Discharge,DNP,11,3216,dim 302,0,0,0,0,
FairyLand,B777,Cb,11KV,Auto Reclose,DNP,12,3216,dim 302,0,0,0,0,
FairyLand,B778,Cb,11KV,Auto Reclose,DNP,13,3216,dim 302,0,0,0,0,
FairyLand,19868,Cb,11KV,Auto Reclose,DNP,14,3216,dim 302,0,0,0,0,
FairyLand,19869,Cb,11KV,Auto Reclose,DNP,15,3216,dim 302,0,0,0,0,
FairyLand,19870,Cb,11KV,Auto Reclose,DNP,0,3232,dim 302,0,0,0,0,
FairyLand,19871,Cb,11KV,Auto Reclose,DNP,1,3232,dim 302,0,0,0,0,
FairyLand,19872,Cb,11KV,Auto Reclose,DNP,2,3232,dim 302,0,0,0,0,
FairyLand,B788,Cb,33KV,Position,DNP,0,4304,dim 302,0,1,0,0,
FairyLand,B788,Cb,33KV,Position,DNP,1,4304,dim 302,0,1,0,0,
FairyLand,B788,Cb,33KV,Racking Status,DNP,2,4304,dim 302,0,1,0,0,
FairyLand,B791,Cb,33KV,Position,DNP,4,4304,dim 302,0,1,0,0,
FairyLand,B791,Cb,33KV,Position,DNP,5,4304,dim 302,0,1,0,0,
FairyLand,B791,Cb,33KV,Racking Status,DNP,6,4304,dim 302,0,1,0,0,
FairyLand,35117,Cb,33KV,Position,DNP,8,4304,dim 302,0,1,0,0,
FairyLand,35117,Cb,33KV,Position,DNP,9,4304,dim 302,0,1,0,0,
FairyLand,35117,Cb,33KV,Status,DNP,10,4304,dim 302,0,1,0,0,
FairyLand,35117,Protection,33KV,Trip Circuit,DNP,11,4304,dim 302,0,1,0,0,
FairyLand,35117,Protection,33KV,Overcurrent/Earth Fault,DNP,12,4304,dim 302,0,1,0,0,
FairyLand,35117,Cb,33KV,Translay,DNP,13,4304,dim 302,0,1,0,0,
FairyLand,35117,Alarm,33KV,VoltageTransformer,DNP,14,4304,dim 302,0,1,0,0,
FairyLand,35117,Protection,33KV,Relay,DNP,15,4304,dim 302,0,1,0,0,
FairyLand,B786,Cb,33KV,Position,DNP,0,4320,dim 302,0,1,0,0,
FairyLand,B786,Cb,33KV,Position,DNP,1,4320,dim 302,0,1,0,0,
FairyLand,B786,Cb,33KV,Racking Status,DNP,2,4320,dim 302,0,1,0,0,
FairyLand,B786,Cb,33KV,Translay,DNP,5,4320,dim 302,0,1,0,0,
FairyLand,B789,Cb,33KV,Position,DNP,8,4320,dim 302,0,1,0,0,
FairyLand,B789,Cb,33KV,Position,DNP,9,4320,dim 302,0,1,0,0,
FairyLand,B789,Cb,33KV,Racking Status,DNP,10,4320,dim 302,0,1,0,0,
FairyLand,B789,Protection,33KV,Overcurrent/Earth Fault,DNP,13,4320,dim 302,0,1,0,0,
FairyLand,Common,Alarm,33KV,VoltageTransformer,DNP,15,4320,dim 302,0,1,0,0,
FairyLand,Trf 1,Transformer Alarm,33KV,Fan Condition,DNP,0,8400,dim 302,0,1,0,0,
FairyLand,1,Power Transformer,33KV,Fan Status,DNP,1,8400,dim 302,0,1,0,0,
FairyLand,Trf 1,Transformer Alarm,33KV,Pump Condition,DNP,2,8400,dim 302,0,1,0,0,
FairyLand,1,Power Transformer,33KV,Pump Status,DNP,3,8400,dim 302,0,1,0,0,
FairyLand,Trf 1,Transformer Alarm,33KV,Buchholz Gas Alarm,DNP,4,8400,dim 302,0,1,0,0,
FairyLand,Trf 1,Transformer Protection,33KV,Main Tank Oil Surge,DNP,5,8400,dim 302,0,1,0,0,
FairyLand,Trf 1,Transformer Protection,33KV,Tap Changer Oil Surge,DNP,6,8400,dim 302,0,1,0,0,
FairyLand,Trf 1,Transformer Alarm,33KV,Winding Temperature Alarm,DNP,7,8400,dim 302,0,1,0,0,
FairyLand,Trf 1,Transformer Protection,33KV,Winding Temperature Trip,DNP,8,8400,dim 302,0,1,0,0,
FairyLand,B774,Cb,11KV,Position,DNP,9,8400,dim 302,0,1,0,0,
FairyLand,B774,Cb,11KV,Position,DNP,10,8400,dim 302,0,1,0,0,
FairyLand,B774,Cb,11KV,Group Racking Status,DNP,11,8400,dim 302,0,1,0,0,
FairyLand,B774,Cb,11KV,Transfer Racking Status,DNP,12,8400,dim 302,0,1,0,0,
FairyLand,Trf 1,Transformer Alarm,33KV,Oil Temp Alarm,DNP,13,8400,dim 302,0,1,0,0,
FairyLand,B774,Protection,11KV,Overcurrent/Earth Fault,DNP,14,8400,dim 302,0,1,0,0,
FairyLand,Trf 1,Transformer Alarm,33KV,Tap Changer Failure,DNP,15,8400,dim 302,0,1,0,0,
FairyLand,B787,Cb,33KV,Position,DNP,0,8416,dim 302,0,1,0,0,
FairyLand,B787,Cb,33KV,Position,DNP,1,8416,dim 302,0,1,0,0,
FairyLand,B787,Cb,33KV,Racking Status,DNP,2,8416,dim 302,0,1,0,0,
FairyLand,B787,Protection,33KV,Overcurrent/Earth Fault,DNP,5,8416,dim 302,0,1,0,0,
FairyLand,Trf 1,Transformer Protection,33KV,Differential,DNP,6,8416,dim 302,0,1,0,0,
FairyLand,Trf 1 P2,Transformer Protection,33KV,Multitrip,DNP,7,8416,dim 302,0,1,0,0,
FairyLand,Trf 1 P1,Transformer Protection,33KV,Multitrip,DNP,8,8416,dim 302,0,1,0,0,
FairyLand,1,Power Transformer,33KV,Tap Changer Status,DNP,9,8416,dim 302,0,1,0,0,
FairyLand,1,Power Transformer,33KV,Tap Changer Cam Switch,DNP,10,8416,dim 302,0,1,0,0,
FairyLand,1,Power Transformer,33KV,Auto Standby,DNP,0,11392,dim 302,0,1,0,0,
FairyLand,1,Power Transformer,33KV,Auto Standby Block,DNP,1,11392,dim 302,0,1,0,0,
FairyLand,1,Power Transformer,33KV,Auto Standby Init,DNP,2,11392,dim 302,0,1,0,0,
FairyLand,1,Power Transformer,33KV,Parallel Operation,DNP,3,11392,dim 302,0,1,0,0,
FairyLand,1,Power Transformer,33KV,Voltage Regulation,DNP,4,11392,dim 302,0,1,0,0,
FairyLand,L505,Protection,11KV,Trip Circuit,DNP,0,12480,dim 302,0,1,0,0,
FairyLand,L506,Protection,11KV,Trip Circuit,DNP,1,12480,dim 302,0,1,0,0,
FairyLand,L507,Protection,11KV,Trip Circuit,DNP,2,12480,dim 302,0,1,0,0,
FairyLand,L508,Protection,11KV,Trip Circuit,DNP,3,12480,dim 302,0,1,0,0,
FairyLand,L507,Cb,11KV,Position,DNP,0,12496,dim 302,0,1,0,0,
FairyLand,L507,Cb,11KV,Position,DNP,1,12496,dim 302,0,1,0,0,
FairyLand,L507,Cb,11KV,Group Racking Status,DNP,2,12496,dim 302,0,1,0,0,
FairyLand,L507,Cb,11KV,Transfer Racking Status,DNP,3,12496,dim 302,0,1,0,0,
FairyLand,L507,Protection,11KV,Relay,DNP,4,12496,dim 302,0,1,0,0,
FairyLand,L507 P1,Feeder Protection,11KV,Cb Fail,DNP,1,2032,dim 301,0,1,0,0,
FairyLand,L507 P1,Feeder Protection,11KV,Earth Fault,DNP,2,2032,dim 301,0,1,0,0,
FairyLand,L507 P1,Feeder Protection,11KV,IOC/IEF Neutral Trip,DNP,3,2032,dim 301,0,1,0,0,
FairyLand,L508,Cb,11KV,Position,DNP,8,12496,dim 302,0,1,0,0,
FairyLand,L508,Cb,11KV,Position,DNP,9,12496,dim 302,0,1,0,0,
FairyLand,L508,Cb,11KV,Group Racking Status,DNP,10,12496,dim 302,0,1,0,0,
FairyLand,L508,Cb,11KV,Transfer Racking Status,DNP,11,12496,dim 302,0,1,0,0,
FairyLand,L508,Protection,11KV,Relay,DNP,12,12496,dim 302,0,1,0,0,
FairyLand,L508 P1,Feeder Protection,11KV,IOC/IEF Phase Trip,DNP,4,1776,dim 301,0,1,0,0,
FairyLand,L508 P1,Feeder Protection,11KV,Overcurrent,DNP,5,1776,dim 301,0,1,0,0,
FairyLand,L508 P1,Feeder Protection,11KV,SEF Timer,DNP,6,1776,dim 301,0,1,0,0,
FairyLand,L505,Cb,11KV,Position,DNP,0,12512,dim 302,0,1,0,0,
FairyLand,L505,Cb,11KV,Position,DNP,1,12512,dim 302,0,1,0,0,
FairyLand,L505,Cb,11KV,Group Racking Status,DNP,2,12512,dim 302,0,1,0,0,
FairyLand,L505,Cb,11KV,Transfer Racking Status,DNP,3,12512,dim 302,0,1,0,0,
FairyLand,L505,Protection,11KV,Relay,DNP,4,12512,dim 302,0,1,0,0,
FairyLand,L506,Cb,11KV,Position,DNP,8,12512,dim 302,0,1,0,0,
FairyLand,L506,Cb,11KV,Position,DNP,9,12512,dim 302,0,1,0,0,
FairyLand,L506,Cb,11KV,Group Racking Status,DNP,10,12512,dim 302,0,1,0,0,
FairyLand,L506,Cb,11KV,Transfer Racking Status,DNP,11,12512,dim 302,0,1,0,0,
FairyLand,L506,Protection,11KV,Relay,DNP,12,12512,dim 302,0,1,0,0,
FairyLand,L506,Cb,11KV,SEF Status Discrepancy,DNP,5,15488,dim 302,0,1,0,0,
FairyLand,L505,Cb,11KV,Auto Reclose,DNP,0,15488,dim 302,0,1,0,0,
FairyLand,L506,Cb,11KV,Auto Reclose,DNP,1,15488,dim 302,0,1,0,0,
FairyLand,L507,Cb,11KV,Auto Reclose,DNP,2,15488,dim 302,0,1,0,0,
FairyLand,L508,Cb,11KV,Auto Reclose,DNP,3,15488,dim 302,0,1,0,0,
FairyLand,L857,Protection,11KV,Trip Circuit,DNP,0,16576,dim 302,0,1,0,0,
FairyLand,B773,Protection,11KV,Trip Circuit,DNP,1,16576,dim 302,0,1,0,0,
FairyLand,B775,Protection,11KV,Trip Circuit,DNP,2,16576,dim 302,0,1,0,0,
FairyLand,B776,Protection,11KV,Trip Circuit,DNP,3,16576,dim 302,0,1,0,0,
FairyLand,B775,Cb,11KV,Position,DNP,0,16592,dim 302,0,1,0,0,
FairyLand,B775,Cb,11KV,Position,DNP,1,16592,dim 302,0,1,0,0,
FairyLand,B775,Cb,11KV,Group Racking Status,DNP,2,16592,dim 302,0,1,0,0,
FairyLand,B775,Cb,11KV,Transfer Racking Status,DNP,3,16592,dim 302,0,1,0,0,
FairyLand,B775,Protection,11KV,Relay,DNP,4,16592,dim 302,0,1,0,0,
FairyLand,B775 P1,Feeder Protection,11KV,RelayComms,DNP,14,3200,dim 302,0,0,0,0,
FairyLand,B775 P2,Feeder Protection,11KV,RelayComms,DNP,15,3200,dim 302,0,0,0,0,
FairyLand,B775 P2,Feeder Protection,11KV,Protection,DNP,5,16592,dim 302,0,1,0,0,
FairyLand,B776,Cb,11KV,Position,DNP,8,16592,dim 302,0,1,0,0,
FairyLand,B776,Cb,11KV,Position,DNP,9,16592,dim 302,0,1,0,0,
FairyLand,B776,Cb,11KV,Group Racking Status,DNP,10,16592,dim 302,0,1,0,0,
FairyLand,B776,Cb,11KV,Transfer Racking Status,DNP,11,16592,dim 302,0,1,0,0,
FairyLand,B776,Protection,11KV,Relay,DNP,12,16592,dim 302,0,1,0,0,
FairyLand,L857,Cb,11KV,Position,DNP,0,16608,dim 302,0,1,0,0,
FairyLand,L857,Cb,11KV,Position,DNP,1,16608,dim 302,0,1,0,0,
FairyLand,L857,Cb,11KV,Group Racking Status,DNP,2,16608,dim 302,0,1,0,0,
FairyLand,L857,Cb,11KV,Transfer Racking Status,DNP,3,16608,dim 302,0,1,0,0,
FairyLand,L857,Protection,11KV,Relay,DNP,4,16608,dim 302,0,1,0,0,
FairyLand,L857 P2,Feeder Protection,11KV,SEF Timer,DNP,6,16608,dim 302,0,1,0,0,
FairyLand,L857 P2,Feeder Protection,11KV,SEF Trip,DNP,7,16608,dim 302,0,1,0,0,
FairyLand,L857,Cb,11KV,SEF Status,DNP,4,19584,dim 302,0,1,0,0,
FairyLand,B773,Cb,11KV,Position,DNP,8,16608,dim 302,0,1,0,0,
FairyLand,B773,Cb,11KV,Position,DNP,9,16608,dim 302,0,1,0,0,
FairyLand,B773,Cb,11KV,Group Racking Status,DNP,10,16608,dim 302,0,1,0,0,
FairyLand,B773,Cb,11KV,Transfer Racking Status,DNP,11,16608,dim 302,0,1,0,0,
FairyLand,B773,Protection,11KV,Relay,DNP,12,16608,dim 302,0,1,0,0,
FairyLand,B773 P1,Feeder Protection,11KV,Test Mode Status,DNP,1,1552,dim 302,0,1,0,0,
FairyLand,B773 P2,Feeder Protection,11KV,SEF Status,DNP,0,1568,dim 302,0,1,0,0,
FairyLand,B773 P1,Feeder Protection,11KV,ARC_Init,DNP,0,1584,dim 301,0,1,0,0,
FairyLand,B773,Cb,11KV,Auto Reclose,DNP,0,19584,dim 302,0,1,0,0,
FairyLand,B775,Cb,11KV,Auto Reclose,DNP,1,19584,dim 302,0,1,0,0,
FairyLand,B776,Cb,11KV,Auto Reclose,DNP,2,19584,dim 302,0,1,0,0,
FairyLand,L857,Cb,11KV,Auto Reclose,DNP,3,19584,dim 302,0,1,0,0,
FairyLand,Common,Alarm,Station,IntruderAlarmStatus,DNP,0,20672,dim 302,0,1,0,0,
FairyLand,Common,Alarm,Station,IntrusionAlarm,DNP,1,20672,dim 302,0,1,0,0,
FairyLand,Common,Alarm,Station,Fire,DNP,2,20672,dim 302,0,1,0,0,
FairyLand,Common,Alarm,Station,FireAlarmEquip,DNP,3,20672,dim 302,0,1,0,0,
FairyLand,Common,Alarm,Station,IntruderAlarmEquip,DNP,4,20672,dim 302,0,1,0,0,
FairyLand,Common,Alarm,Station,FireAlarmZones,DNP,5,20672,dim 302,0,1,0,0,
FairyLand,SILC,Frequency Injection,Station,SilcEquipment,DNP,3,20688,dim 302,0,1,0,0,
FairyLand,SILC,Frequency Injection,Station,Operation,DNP,4,20688,dim 302,0,1,0,0,
FairyLand,Common,SEF,Station,Status,DNP,7,20688,dim 302,0,1,0,0,
FairyLand,SILC,Frequency Injection,Station,SILC_EXT_1_OFF,DNP,10,20688,dim 302,0,1,0,0,
FairyLand,SILC,Frequency Injection,Station,SILC_EXT_1_ON,DNP,11,20688,dim 302,0,1,0,0,
FairyLand,SILC,Frequency Injection,Station,SFU,DNP,13,20688,dim 302,0,1,0,0,
FairyLand,System,Supervisory,Station,SCADA Control Circuits,DNP,0,20704,dim 302,0,1,0,0,
FairyLand,Common,Protection,Station,HV FRAME LEAKAGE PROT,DNP,1,20704,dim 302,0,1,0,0,
FairyLand,Common,Alarm,Station,CbProtectionFailure,DNP,4,20704,dim 302,0,1,0,0,
FairyLand,Station,Auxiliary Transformer,11KV,ACSupply,DNP,8,20704,dim 302,0,1,0,0,
FairyLand,22-26 FairyLand St, PixyLand,Emergency,Station,MEDICAL EMERGENCY,DNP,10,5.00E+01,dim 302,0,1,0,0
FairyLand,22-26 FairyLand St, PixyLand,Emergency,Station,Acknowledge,DNP,11,5.00E+01,dim 302,0,1,0,0
FairyLand,Common,Cb Alarm,33KV,SF6 Pressure,DNP,14,20704,dim 302,0,1,0,0,
FairyLand,Common,Transformer Alarm,Station,Oil/Water Separator,DNP,15,20704,dim 302,0,1,0,0,
FairyLand,SILC,Frequency Injection,Station,Status,DNP,0,23680,dim 302,0,1,0,0,
FairyLand,SILC,Frequency Injection,Station,Message,DNP,1,23680,dim 302,0,1,0,0,
FairyLand,SILC,Frequency Injection,Station,Photo-Cell,DNP,2,23680,dim 302,0,1,0,0,
FairyLand,Trf 2,Transformer Alarm,33KV,Fan Condition,DNP,0,24784,dim 302,0,1,0,0,
FairyLand,2,Power Transformer,33KV,Fan Status,DNP,1,24784,dim 302,0,1,0,0,
FairyLand,Trf 2,Transformer Alarm,33KV,Pump Condition,DNP,2,24784,dim 302,0,1,0,0,
FairyLand,2,Power Transformer,33KV,Pump Status,DNP,3,24784,dim 302,0,1,0,0,
FairyLand,Trf 2,Transformer Alarm,33KV,Buchholz Gas Alarm,DNP,4,24784,dim 302,0,1,0,0,
FairyLand,Trf 2,Transformer Protection,33KV,Main Tank Oil Surge,DNP,5,24784,dim 302,0,1,0,0,
FairyLand,Trf 2,Transformer Protection,33KV,Tap Changer Oil Surge,DNP,6,24784,dim 302,0,1,0,0,
FairyLand,Trf 2,Transformer Alarm,33KV,Winding Temperature Alarm,DNP,7,24784,dim 302,0,1,0,0,
FairyLand,Trf 2,Transformer Protection,33KV,Winding Temperature Trip,DNP,8,24784,dim 302,0,1,0,0,
FairyLand,Trf 2,Transformer Alarm,33KV,Oil Temp Alarm,DNP,12,24784,dim 302,0,1,0,0,
FairyLand,Trf 2,Transformer Alarm,33KV,Tap Changer Failure,DNP,15,24784,dim 302,0,1,0,0,
FairyLand,B790,Cb,33KV,Position,DNP,0,24800,dim 302,0,1,0,0,
FairyLand,B790,Cb,33KV,Position,DNP,1,24800,dim 302,0,1,0,0,
FairyLand,B790,Cb,33KV,Racking Status,DNP,2,24800,dim 302,0,1,0,0,
FairyLand,B790,Protection,33KV,Overcurrent/Earth Fault,DNP,5,24800,dim 302,0,1,0,0,
FairyLand,Trf 2,Transformer Protection,33KV,Differential,DNP,6,24800,dim 302,0,1,0,0,
FairyLand,Trf 2 P2,Transformer Protection,11KV,Multitrip,DNP,7,24800,dim 302,0,1,0,0,
FairyLand,Trf 2 P1,Transformer Protection,33KV,Multitrip,DNP,8,24800,dim 302,0,1,0,0,
FairyLand,2,Power Transformer,33KV,Tap Changer Status,DNP,9,24800,dim 302,0,1,0,0,
FairyLand,2,Power Transformer,33KV,Tap Changer Cam Switch,DNP,10,24800,dim 302,0,1,0,0,
FairyLand,2,Power Transformer,33KV,Auto Standby,DNP,0,27776,dim 302,0,1,0,0,
FairyLand,2,Power Transformer,33KV,Auto Standby Block,DNP,1,27776,dim 302,0,1,0,0,
FairyLand,2,Power Transformer,33KV,Auto Standby Init,DNP,2,27776,dim 302,0,1,0,0,
FairyLand,2,Power Transformer,33KV,Parallel Operation,DNP,3,27776,dim 302,0,1,0,0,
FairyLand,2,Power Transformer,33KV,Voltage Regulation,DNP,4,27776,dim 302,0,1,0,0,
FairyLand,35118,Cb,33KV,Spring Charge,DNP,0,28864,dim 302,1,0,1,0,
FairyLand,46364,Isolator,33KV,Position,DNP,1,28864,dim 302,1,0,1,0,
FairyLand,46364,Isolator,33KV,Position,DNP,2,28864,dim 302,1,0,1,0,
FairyLand,46365,Earth Switch,33KV,Position,DNP,3,28864,dim 302,1,0,1,0,
FairyLand,46365,Earth Switch,33KV,Position,DNP,4,28864,dim 302,1,0,1,0,
FairyLand,35118,Busbar Protection,33KV,System,DNP,5,28864,dim 302,1,0,1,0,
FairyLand,Trf 3,Transformer Alarm,33KV,Fan Condition,DNP,0,28880,dim 302,1,0,1,0,
FairyLand,3,Power Transformer,33KV,Fan Status,DNP,1,28880,dim 302,1,0,1,0,
FairyLand,Trf 3,Transformer Alarm,33KV,Pump Condition,DNP,2,28880,dim 302,1,0,1,0,
FairyLand,3,Power Transformer,33KV,Pump Status,DNP,3,28880,dim 302,1,0,1,0,
FairyLand,Trf 3,Transformer Alarm,33KV,Buchholz Gas Alarm,DNP,4,28880,dim 302,1,0,1,0,
FairyLand,Trf 3,Transformer Protection,33KV,Main Tank Oil Surge,DNP,5,28880,dim 302,1,0,1,0,
FairyLand,Trf 3,Transformer Protection,33KV,Tap Changer Oil Surge,DNP,6,28880,dim 302,1,0,1,0,
FairyLand,Trf 3,Transformer Alarm,33KV,Winding Temperature Alarm,DNP,7,28880,dim 302,1,0,1,0,
FairyLand,Trf 3,Transformer Protection,33KV,Winding Temperature Trip,DNP,8,28880,dim 302,1,0,1,0,
FairyLand,B779,Cb,11KV,Position,DNP,9,28880,dim 302,1,0,1,0,
FairyLand,B779,Cb,11KV,Position,DNP,10,28880,dim 302,1,0,1,0,
FairyLand,B779,Cb,11KV,Group Racking Status,DNP,11,28880,dim 302,1,0,1,0,
FairyLand,B779,Cb,11KV,Transfer Racking Status,DNP,12,28880,dim 302,1,0,1,0,
FairyLand,35118,Protection,33KV,FuseSupervision,DNP,13,28880,dim 302,1,0,1,0,
FairyLand,B779,Protection,11KV,Overcurrent/Earth Fault,DNP,14,28880,dim 302,1,0,1,0,
FairyLand,35118,Protection,33KV,Relay,DNP,15,28880,dim 302,1,0,1,0,
FairyLand,35118,Cb,33KV,Position,DNP,0,28896,dim 302,1,0,1,0,
FairyLand,35118,Cb,33KV,Position,DNP,1,28896,dim 302,1,0,1,0,
FairyLand,35118,Cb,33KV,Status,DNP,2,28896,dim 302,1,0,1,0,
FairyLand,Trf 3,Transformer Protection,33KV,Overcurrent,DNP,4,28896,dim 302,1,0,1,0,
FairyLand,35118,Protection,33KV,Overcurrent/Earth Fault,DNP,5,28896,dim 302,1,0,1,0,
FairyLand,Trf 3,Transformer Protection,33KV,Differential,DNP,6,28896,dim 302,1,0,1,0,
FairyLand,Trf 3 P2,Transformer Protection,33KV,Multitrip,DNP,7,28896,dim 302,1,0,1,0,
FairyLand,Trf 3 P1,Transformer Protection,33KV,Multitrip,DNP,8,28896,dim 302,1,0,1,0,
FairyLand,3,Power Transformer,33KV,Tap Changer Status,DNP,9,28896,dim 302,1,0,1,0,
FairyLand,3,Power Transformer,33KV,Tap Changer Cam Switch,DNP,10,28896,dim 302,1,0,1,0,
FairyLand,3,Power Transformer,33KV,Auto Standby,DNP,0,31872,dim 302,1,0,1,0,
FairyLand,3,Power Transformer,33KV,Auto Standby Block,DNP,1,31872,dim 302,1,0,1,0,
FairyLand,3,Power Transformer,33KV,Auto Standby Init,DNP,2,31872,dim 302,1,0,1,0,
FairyLand,3,Power Transformer,33KV,Parallel Operation,DNP,3,31872,dim 302,1,0,1,0,
FairyLand,3,Power Transformer,33KV,Voltage Regulation,DNP,4,31872,dim 302,1,0,1,0,
FairyLand,L508 P1,Feeder Protection,11KV,SEF Trip,DNP,7,1776,dim 301,0,1,0,0,
FairyLand,L508,Cb,11KV,IOC/IEF Prot Status,DNP,8,1776,dim 301,0,1,0,0,
FairyLand,L508 P2,Feeder Protection,11KV,Cb Fail,DNP,0,1792,dim 301,0,1,0,0,
FairyLand,L508 P2,Feeder Protection,11KV,SEF Status,DNP,0,1808,dim 302,0,1,0,0,
FairyLand,L508 P1,Feeder Protection,11KV,RelayComms,DNP,8,3200,dim 302,0,0,0,0,
FairyLand,L508 P2,Feeder Protection,11KV,RelayComms,DNP,9,3200,dim 302,0,0,0,0,
FairyLand,L508 P2,Feeder Protection,11KV,Protection,DNP,13,12496,dim 302,0,1,0,0,
FairyLand,L508 P2,Feeder Protection,11KV,SEF Timer,DNP,14,12496,dim 302,0,1,0,0,
FairyLand,L508 P2,Feeder Protection,11KV,SEF Trip,DNP,15,12496,dim 302,0,1,0,0,
FairyLand,L508,Cb,11KV,SEF Status,DNP,6,15488,dim 302,0,1,0,0,
FairyLand,L508,Cb,11KV,SEF Status Discrepancy,DNP,7,15488,dim 302,0,1,0,0,
FairyLand,B773 P1,Feeder Protection,11KV,Cb Fail,DNP,1,1584,dim 301,0,1,0,0,
FairyLand,B773 P1,Feeder Protection,11KV,Earth Fault,DNP,2,1584,dim 301,0,1,0,0,
FairyLand,B773 P1,Feeder Protection,11KV,IOC/IEF Neutral Trip,DNP,3,1584,dim 301,0,1,0,0,
FairyLand,B773 P1,Feeder Protection,11KV,IOC/IEF Phase Trip,DNP,4,1584,dim 301,0,1,0,0,
FairyLand,B773 P1,Feeder Protection,11KV,Overcurrent,DNP,5,1584,dim 301,0,1,0,0,
FairyLand,B773 P1,Feeder Protection,11KV,SEF Timer,DNP,6,1584,dim 301,0,1,0,0,
FairyLand,B773 P1,Feeder Protection,11KV,SEF Trip,DNP,7,1584,dim 301,0,1,0,0,
FairyLand,B773,Cb,11KV,IOC/IEF Prot Status,DNP,8,1584,dim 301,0,1,0,0,
FairyLand,B773 P2,Feeder Protection,11KV,Cb Fail,DNP,0,1616,dim 301,0,1,0,0,
FairyLand,B773 P1,Feeder Protection,11KV,RelayComms,DNP,12,3200,dim 302,0,0,0,0,
FairyLand,B773 P2,Feeder Protection,11KV,RelayComms,DNP,13,3200,dim 302,0,0,0,0,
FairyLand,B773 P2,Feeder Protection,11KV,Protection,DNP,13,16608,dim 302,0,1,0,0,
FairyLand,B773 P2,Feeder Protection,11KV,SEF Timer,DNP,14,16608,dim 302,0,1,0,0,
FairyLand,B773 P2,Feeder Protection,11KV,SEF Trip,DNP,15,16608,dim 302,0,1,0,0,
FairyLand,B773,Cb,11KV,SEF Status,DNP,6,19584,dim 302,0,1,0,0,
FairyLand,B773,Cb,11KV,SEF Status Discrepancy,DNP,7,19584,dim 302,0,1,0,0,
FairyLand,L857,Cb,11KV,SEF Status Discrepancy,DNP,5,19584,dim 302,0,1,0,0,
FairyLand,1,Battery,Station,DC_Supply,DNP,12,20704,dim 302,0,1,0,0,
FairyLand,2,Battery,Station,DC_Supply,DNP,13,20704,dim 302,0,1,0,0,
FairyLand,B777,Protection,11KV,Relay,DNP,4,496,dim 302,0,1,0,0,
FairyLand,B777 P2,Feeder Protection,11KV,Protection,DNP,5,496,dim 302,0,1,0,0,
FairyLand,B777 P2,Feeder Protection,11KV,SEF Timer,DNP,6,496,dim 302,0,1,0,0,
FairyLand,B777 P2,Feeder Protection,11KV,SEF Trip,DNP,7,496,dim 302,0,1,0,0,
FairyLand,B777 P1,Feeder Protection,11KV,SEF Status,DNP,0,1488,dim 302,0,1,0,0,
FairyLand,B777 P1,Feeder Protection,11KV,Test Mode Status,DNP,1,1488,dim 302,0,1,0,0,
FairyLand,B777 P2,Feeder Protection,11KV,SEF Status,DNP,0,1504,dim 302,0,1,0,0,
FairyLand,B777 P1,Feeder Protection,11KV,ARC_Init,DNP,0,1520,dim 301,0,1,0,0,
FairyLand,B777 P1,Feeder Protection,11KV,Cb Fail,DNP,1,1520,dim 301,0,1,0,0,
FairyLand,B777 P1,Feeder Protection,11KV,Earth Fault,DNP,2,1520,dim 301,0,1,0,0,
FairyLand,B777 P1,Feeder Protection,11KV,IOC/IEF Phase Trip,DNP,4,1520,dim 301,0,1,0,0,
FairyLand,B777 P1,Feeder Protection,11KV,Overcurrent,DNP,5,1520,dim 301,0,1,0,0,
FairyLand,B777 P1,Feeder Protection,11KV,SEF Timer,DNP,6,1520,dim 301,0,1,0,0,
FairyLand,B777 P1,Feeder Protection,11KV,SEF Trip,DNP,7,1520,dim 301,0,1,0,0,
FairyLand,B777,Cb,11KV,IOC/IEF Prot Status,DNP,8,1520,dim 301,0,1,0,0,
FairyLand,B777 P2,Feeder Protection,11KV,Cb Fail,DNP,0,1536,dim 301,0,1,0,0,
FairyLand,B777,Cb,11KV,SEF Status,DNP,3,3232,dim 302,0,0,0,0,
FairyLand,B777,Cb,11KV,SEF Status Discrepancy,DNP,4,3232,dim 302,0,0,0,0,
FairyLand,B777 P1,Feeder Protection,11KV,RelayComms,DNP,2,3248,dim 302,0,0,0,0,
FairyLand,B777 P2,Feeder Protection,11KV,RelayComms,DNP,3,3248,dim 302,0,0,0,0,
FairyLand,B775 P2,Feeder Protection,11KV,SEF Timer,DNP,6,16592,dim 302,0,1,0,0,
FairyLand,B775 P2,Feeder Protection,11KV,SEF Trip,DNP,7,16592,dim 302,0,1,0,0,
FairyLand,B775,Cb,11KV,SEF Status,DNP,10,19584,dim 302,0,1,0,0,
FairyLand,B775,Cb,11KV,SEF Status Discrepancy,DNP,11,19584,dim 302,0,1,0,0,
FairyLand,B778 P1,Feeder Protection,11KV,SEF Status,DNP,0,1632,dim 302,0,1,0,0,
FairyLand,B778 P1,Feeder Protection,11KV,Test Mode Status,DNP,1,1632,dim 302,0,1,0,0,
FairyLand,B778 P1,Feeder Protection,11KV,ARC_Init,DNP,0,1648,dim 301,0,1,0,0,
FairyLand,B778 P1,Feeder Protection,11KV,Cb Fail,DNP,1,1648,dim 301,0,1,0,0,
FairyLand,B778 P1,Feeder Protection,11KV,Earth Fault,DNP,2,1648,dim 301,0,1,0,0,
FairyLand,B778 P1,Feeder Protection,11KV,IOC/IEF Neutral Trip,DNP,3,1648,dim 301,0,1,0,0,
FairyLand,B778 P1,Feeder Protection,11KV,IOC/IEF Phase Trip,DNP,4,1648,dim 301,0,1,0,0,
FairyLand,B778 P1,Feeder Protection,11KV,Overcurrent,DNP,5,1648,dim 301,0,1,0,0,
FairyLand,B778 P1,Feeder Protection,11KV,SEF Timer,DNP,6,1648,dim 301,0,1,0,0,
FairyLand,B778 P1,Feeder Protection,11KV,SEF Trip,DNP,7,1648,dim 301,0,1,0,0,
FairyLand,B778,Cb,11KV,IOC/IEF Prot Status,DNP,8,1648,dim 301,0,1,0,0,
FairyLand,B778 P2,Feeder Protection,11KV,Cb Fail,DNP,0,1664,dim 301,0,1,0,0,
FairyLand,B778 P2,Feeder Protection,11KV,SEF Status,DNP,0,1680,dim 302,0,1,0,0,
FairyLand,B778,Cb,11KV,SEF Status,DNP,5,3232,dim 302,0,0,0,0,
FairyLand,B778,Cb,11KV,SEF Status Discrepancy,DNP,6,3232,dim 302,0,0,0,0,
FairyLand,B778 P1,Feeder Protection,11KV,RelayComms,DNP,4,3248,dim 302,0,0,0,0,
FairyLand,B778 P2,Feeder Protection,11KV,RelayComms,DNP,5,3248,dim 302,0,0,0,0,
FairyLand,L507 P1,Feeder Protection,11KV,IOC/IEF Phase Trip,DNP,4,2032,dim 301,0,1,0,0,
FairyLand,L507 P1,Feeder Protection,11KV,Overcurrent,DNP,5,2032,dim 301,0,1,0,0,
FairyLand,L507 P1,Feeder Protection,11KV,SEF Timer,DNP,6,2032,dim 301,0,1,0,0,
FairyLand,L507 P1,Feeder Protection,11KV,SEF Trip,DNP,7,2032,dim 301,0,1,0,0,
FairyLand,L507,Cb,11KV,IOC/IEF Prot Status,DNP,8,2032,dim 301,0,1,0,0,
FairyLand,L507 P2,Feeder Protection,11KV,Cb Fail,DNP,0,2048,dim 301,0,1,0,0,
FairyLand,L507 P2,Feeder Protection,11KV,SEF Status,DNP,0,2064,dim 302,0,1,0,0,
FairyLand,Section 2 Switch,Ethernet Switch,Communications,Status,DNP,1,3200,dim 302,0,0,0,0,
FairyLand,L507 P1,Feeder Protection,11KV,RelayComms,DNP,6,3200,dim 302,0,0,0,0,
FairyLand,L507 P2,Feeder Protection,11KV,RelayComms,DNP,7,3200,dim 302,0,0,0,0,
FairyLand,L507 P2,Feeder Protection,11KV,Protection,DNP,5,12496,dim 302,0,1,0,0,
FairyLand,L507 P2,Feeder Protection,11KV,SEF Timer,DNP,6,12496,dim 302,0,1,0,0,
FairyLand,L507 P2,Feeder Protection,11KV,SEF Trip,DNP,7,12496,dim 302,0,1,0,0,
FairyLand,L507,Cb,11KV,SEF Status,DNP,10,15488,dim 302,0,1,0,0,
FairyLand,L507,Cb,11KV,SEF Status Discrepancy,DNP,11,15488,dim 302,0,1,0,0,
FairyLand,19872,Protection,11KV,Relay,DNP,4,400,dim 302,0,1,0,0,
FairyLand,19872 P2,Feeder Protection,11KV,Protection,DNP,5,400,dim 302,0,1,0,0,
FairyLand,19872 P2,Feeder Protection,11KV,SEF Timer,DNP,6,400,dim 302,0,1,0,0,
FairyLand,19872 P2,Feeder Protection,11KV,SEF Trip,DNP,7,400,dim 302,0,1,0,0,
FairyLand,19872,Protection,11KV,Trip Circuit,DNP,13,400,dim 302,0,1,0,0,
FairyLand,19872 P1,Feeder Protection,11KV,SEF Status,DNP,0,1344,dim 302,0,1,0,0,
FairyLand,19872 P1,Feeder Protection,11KV,Test Mode Status,DNP,1,1344,dim 302,0,1,0,0,
FairyLand,19872 P2,Feeder Protection,11KV,SEF Status,DNP,0,1360,dim 302,0,1,0,0,
FairyLand,19872 P1,Feeder Protection,11KV,ARC_Init,DNP,0,1376,dim 301,0,1,0,0,
FairyLand,19872 P1,Feeder Protection,11KV,Cb Fail,DNP,1,1376,dim 301,0,1,0,0,
FairyLand,19872 P1,Feeder Protection,11KV,Earth Fault,DNP,2,1376,dim 301,0,1,0,0,
FairyLand,19872 P1,Feeder Protection,11KV,IOC/IEF Neutral Trip,DNP,3,1376,dim 301,0,1,0,0,
FairyLand,19872 P1,Feeder Protection,11KV,IOC/IEF Phase Trip,DNP,4,1376,dim 301,0,1,0,0,
FairyLand,19872 P1,Feeder Protection,11KV,Overcurrent,DNP,5,1376,dim 301,0,1,0,0,
FairyLand,19872 P1,Feeder Protection,11KV,SEF Timer,DNP,6,1376,dim 301,0,1,0,0,
FairyLand,19872 P1,Feeder Protection,11KV,SEF Trip,DNP,7,1376,dim 301,0,1,0,0,
FairyLand,19872,Cb,11KV,IOC/IEF Prot Status,DNP,8,1376,dim 301,0,1,0,0,
FairyLand,19872 P2,Feeder Protection,11KV,Cb Fail,DNP,0,1392,dim 301,0,1,0,0,
FairyLand,19872,Cb,11KV,SEF Status,DNP,7,3232,dim 302,0,0,0,0,
FairyLand,19872,Cb,11KV,SEF Status Discrepancy,DNP,8,3232,dim 302,0,0,0,0,
FairyLand,19872 P1,Feeder Protection,11KV,RelayComms,DNP,14,3248,dim 302,0,0,0,0,
FairyLand,19872 P2,Feeder Protection,11KV,RelayComms,DNP,15,3248,dim 302,0,0,0,0,
FairyLand,19869,Cb,11KV,Earth,DNP,11,432,dim 302,0,1,0,0,
FairyLand,19869,Protection,11KV,Relay,DNP,12,432,dim 302,0,1,0,0,
FairyLand,19869 P2,Feeder Protection,11KV,Protection,DNP,13,432,dim 302,0,1,0,0,
FairyLand,19869 P2,Feeder Protection,11KV,SEF Timer,DNP,14,432,dim 302,0,1,0,0,
FairyLand,19869 P2,Feeder Protection,11KV,SEF Trip,DNP,15,432,dim 302,0,1,0,0,
FairyLand,19869 P1,Feeder Protection,11KV,ARC_Init,DNP,0,1152,dim 301,0,1,0,0,
FairyLand,19869 P1,Feeder Protection,11KV,Cb Fail,DNP,1,1152,dim 301,0,1,0,0,
FairyLand,19869 P1,Feeder Protection,11KV,Earth Fault,DNP,2,1152,dim 301,0,1,0,0,
FairyLand,19869 P1,Feeder Protection,11KV,IOC/IEF Neutral Trip,DNP,3,1152,dim 301,0,1,0,0,
FairyLand,19869 P1,Feeder Protection,11KV,IOC/IEF Phase Trip,DNP,4,1152,dim 301,0,1,0,0,
FairyLand,19869 P1,Feeder Protection,11KV,Overcurrent,DNP,5,1152,dim 301,0,1,0,0,
FairyLand,19869 P1,Feeder Protection,11KV,SEF Timer,DNP,6,1152,dim 301,0,1,0,0,
FairyLand,19869 P1,Feeder Protection,11KV,SEF Trip,DNP,7,1152,dim 301,0,1,0,0,
FairyLand,19869,Cb,11KV,IOC/IEF Prot Status,DNP,8,1152,dim 301,0,1,0,0,
FairyLand,19869 P2,Feeder Protection,11KV,Cb Fail,DNP,0,1200,dim 301,0,1,0,0,
FairyLand,B777 P1,Feeder Protection,11KV,IOC/IEF Neutral Trip,DNP,3,1520,dim 301,0,1,0,0,
FairyLand,19869 P1,Feeder Protection,11KV,SEF Status,DNP,0,2080,dim 302,0,1,0,0,
FairyLand,19869 P1,Feeder Protection,11KV,Test Mode Status,DNP,1,2080,dim 302,0,1,0,0,
FairyLand,19869 P2,Feeder Protection,11KV,SEF Status,DNP,0,2096,dim 302,0,1,0,0,
FairyLand,19869,Cb,11KV,SEF Status,DNP,9,3232,dim 302,0,0,0,0,
FairyLand,19869,Cb,11KV,SEF Status Discrepancy,DNP,10,3232,dim 302,0,0,0,0,
FairyLand,19869 P1,Feeder Protection,11KV,RelayComms,DNP,8,3248,dim 302,0,0,0,0,
FairyLand,19869 P2,Feeder Protection,11KV,RelayComms,DNP,9,3248,dim 302,0,0,0,0,
FairyLand,19871,Cb,11KV,Earth,DNP,11,416,dim 302,0,1,0,0,
FairyLand,19871,Protection,11KV,Relay,DNP,12,416,dim 302,0,1,0,0,
FairyLand,19871 P2,Feeder Protection,11KV,Protection,DNP,13,416,dim 302,0,1,0,0,
FairyLand,19871 P2,Feeder Protection,11KV,SEF Timer,DNP,14,416,dim 302,0,1,0,0,
FairyLand,19871 P2,Feeder Protection,11KV,SEF Trip,DNP,15,416,dim 302,0,1,0,0,
FairyLand,19871 P1,Feeder Protection,11KV,ARC_Init,DNP,0,1184,dim 301,0,1,0,0,
FairyLand,19871 P1,Feeder Protection,11KV,Cb Fail,DNP,1,1184,dim 301,0,1,0,0,
FairyLand,19871 P1,Feeder Protection,11KV,Earth Fault,DNP,2,1184,dim 301,0,1,0,0,
FairyLand,19871 P1,Feeder Protection,11KV,IOC/IEF Neutral Trip,DNP,3,1184,dim 301,0,1,0,0,
FairyLand,19871 P1,Feeder Protection,11KV,IOC/IEF Phase Trip,DNP,4,1184,dim 301,0,1,0,0,
FairyLand,19871 P1,Feeder Protection,11KV,Overcurrent,DNP,5,1184,dim 301,0,1,0,0,
FairyLand,19871 P1,Feeder Protection,11KV,SEF Timer,DNP,6,1184,dim 301,0,1,0,0,
FairyLand,19871 P1,Feeder Protection,11KV,SEF Trip,DNP,7,1184,dim 301,0,1,0,0,
FairyLand,19871,Cb,11KV,IOC/IEF Prot Status,DNP,8,1184,dim 301,0,1,0,0,
FairyLand,19871 P2,Feeder Protection,11KV,Cb Fail,DNP,0,1216,dim 301,0,1,0,0,
FairyLand,19871 P1,Feeder Protection,11KV,SEF Status,DNP,0,1280,dim 302,0,1,0,0,
FairyLand,19871 P1,Feeder Protection,11KV,Test Mode Status,DNP,1,1280,dim 302,0,1,0,0,
FairyLand,19871 P2,Feeder Protection,11KV,SEF Status,DNP,0,1296,dim 302,0,1,0,0,
FairyLand,19871,Cb,11KV,SEF Status,DNP,11,3232,dim 302,0,0,0,0,
FairyLand,19871,Cb,11KV,SEF Status Discrepancy,DNP,12,3232,dim 302,0,0,0,0,
FairyLand,19871 P1,Feeder Protection,11KV,RelayComms,DNP,12,3248,dim 302,0,0,0,0,
FairyLand,19871 P2,Feeder Protection,11KV,RelayComms,DNP,13,3248,dim 302,0,0,0,0,
FairyLand,Trf 2 P2,Transformer Protection,11KV,Overcurrent,DNP,3,1408,dim 301,0,1,0,0,
FairyLand,Trf 2 P2,Transformer Protection,11KV,Protection,DNP,4,1408,dim 301,0,1,0,0,
FairyLand,Trf 2 P2,Transformer Protection,11KV,Vt Supply,DNP,5,1408,dim 301,0,1,0,0,
FairyLand,Trf 2 P2,Transformer Protection,11KV,Test Mode Status,DNP,0,2544,dim 302,0,1,0,0,
FairyLand,Trf 2 P2,Transformer Protection,11KV,Relay Comms,DNP,1,3296,dim 302,0,0,0,0,
FairyLand,19867,Cb,11KV,Position,DNP,0,24592,dim 302,0,0,0,0,
FairyLand,19867,Cb,11KV,Position,DNP,1,24592,dim 302,0,0,0,0,
FairyLand,19867,Cb,11KV,Racking Status,DNP,2,24592,dim 302,0,0,0,0,
FairyLand,19867,Cb,11KV,TopEarth,DNP,3,24592,dim 302,0,0,0,0,
FairyLand,19867,Cb,11KV,BotEarth,DNP,4,24592,dim 302,0,0,0,0,
FairyLand,19867,Protection,11KV,Relay,DNP,5,24592,dim 302,0,0,0,0,
FairyLand,19867,Protection,11KV,Trip Circuit,DNP,7,24592,dim 302,0,0,0,0,
FairyLand,Trf 2,Transformer Protection,33KV,Trip Circuit,DNP,3,24800,dim 302,0,1,0,0,
FairyLand,19870 P1,Feeder Protection,11KV,Fault Current A,DNP,0,2944,fpm 301,0,1,0,0,
FairyLand,19871 P1,Feeder Protection,11KV,Fault Current A,DNP,0,2912,fpm 301,0,1,0,0,
FairyLand,19871 P1,Feeder Protection,11KV,Fault Current B,DNP,1,2912,fpm 301,0,1,0,0,
FairyLand,19871 P1,Feeder Protection,11KV,Fault Current C,DNP,2,2912,fpm 301,0,1,0,0,
FairyLand,19868 P1,Feeder Protection,11KV,Fault Current A,DNP,0,2928,fpm 301,0,1,0,0,
FairyLand,19868 P1,Feeder Protection,11KV,Fault Current B,DNP,1,2928,fpm 301,0,1,0,0,
FairyLand,19868 P1,Feeder Protection,11KV,Fault Current C,DNP,2,2928,fpm 301,0,1,0,0,
FairyLand,19869 P1,Feeder Protection,11KV,Fault Current A,DNP,0,2896,fpm 301,0,1,0,0,
FairyLand,19869 P1,Feeder Protection,11KV,Fault Current B,DNP,1,2896,fpm 301,0,1,0,0,
FairyLand,19869 P1,Feeder Protection,11KV,Fault Current C,DNP,2,2896,fpm 301,0,1,0,0,
FairyLand,L857 P1,Feeder Protection,11KV,Fault Current A,DNP,0,2720,fpm 301,0,1,0,0,
FairyLand,Total,Load,Station,VA,DNP,0,6400,fpm 301,0,1,0,0,
FairyLand,Total,Load,Station,VAr,DNP,1,6400,fpm 301,0,1,0,0,
FairyLand,Total,Load,Station,Watts,DNP,2,6400,fpm 301,0,1,0,0,
FairyLand,1,Power Transformer,33KV,Power Factor,DNP,0,14592,fpm 301,0,1,0,0,
FairyLand,1,Power Transformer,33KV,VA,DNP,1,14592,fpm 301,0,1,0,0,
FairyLand,B777 P1,Feeder Protection,11KV,Fault Current A,DNP,0,2736,fpm 301,0,1,0,0,
FairyLand,1,Power Transformer,33KV,VAr,DNP,2,14592,fpm 301,0,1,0,0,
FairyLand,1,Power Transformer,33KV,Watts,DNP,3,14592,fpm 301,0,1,0,0,
FairyLand,3,Power Transformer,33KV,Power Factor,DNP,0,35072,fpm 301,1,0,1,0,
FairyLand,3,Power Transformer,33KV,VA,DNP,1,35072,fpm 301,1,0,1,0,
FairyLand,3,Power Transformer,33KV,VAr,DNP,2,35072,fpm 301,1,0,1,0,
FairyLand,3,Power Transformer,33KV,Watts,DNP,3,35072,fpm 301,1,0,1,0,
FairyLand,B777 P1,Feeder Protection,11KV,Fault Current B,DNP,1,2736,fpm 301,0,1,0,0,
FairyLand,B777 P1,Feeder Protection,11KV,Fault Current C,DNP,2,2736,fpm 301,0,1,0,0,
FairyLand,B777 P1,Feeder Protection,11KV,Fault Current N,DNP,3,2736,fpm 301,0,1,0,0,
FairyLand,B777 P1,Feeder Protection,11KV,SEF Fault Current,DNP,4,2736,fpm 301,0,1,0,0,
FairyLand,L857 P1,Feeder Protection,11KV,Fault Current B,DNP,1,2720,fpm 301,0,1,0,0,
FairyLand,L857 P1,Feeder Protection,11KV,Fault Current C,DNP,2,2720,fpm 301,0,1,0,0,
FairyLand,L857 P1,Feeder Protection,11KV,Fault Current N,DNP,3,2720,fpm 301,0,1,0,0,
FairyLand,L857 P1,Feeder Protection,11KV,SEF Fault Current,DNP,4,2720,fpm 301,0,1,0,0,
FairyLand,L857,Cb,11KV,Current A,DNP,5,2720,fpm 301,0,1,0,0,
FairyLand,L857,Cb,11KV,Current B,DNP,6,2720,fpm 301,0,1,0,0,
FairyLand,L857,Cb,11KV,Current C,DNP,7,2720,fpm 301,0,1,0,0,
FairyLand,L857,Cb,11KV,Current SEF,DNP,8,2720,fpm 301,0,1,0,0,
FairyLand,L857,Cb,11KV,VA,DNP,9,2720,fpm 301,0,1,0,0,
FairyLand,L857,Cb,11KV,VAr,DNP,10,2720,fpm 301,0,1,0,0,
FairyLand,L857,Cb,11KV,Watts,DNP,11,2720,fpm 301,0,1,0,0,
FairyLand,B777,Cb,11KV,Current A,DNP,5,2736,fpm 301,0,1,0,0,
FairyLand,B777,Cb,11KV,Current B,DNP,6,2736,fpm 301,0,1,0,0,
FairyLand,B777,Cb,11KV,Current C,DNP,7,2736,fpm 301,0,1,0,0,
FairyLand,B777,Cb,11KV,Current SEF,DNP,8,2736,fpm 301,0,1,0,0,
FairyLand,B777,Cb,11KV,VA,DNP,9,2736,fpm 301,0,1,0,0,
FairyLand,B777,Cb,11KV,VAr,DNP,10,2736,fpm 301,0,1,0,0,
FairyLand,B777,Cb,11KV,Watts,DNP,11,2736,fpm 301,0,1,0,0,
FairyLand,B773 P1,Feeder Protection,11KV,Fault Current A,DNP,0,2752,fpm 301,0,1,0,0,
FairyLand,B773 P1,Feeder Protection,11KV,Fault Current B,DNP,1,2752,fpm 301,0,1,0,0,
FairyLand,B773 P1,Feeder Protection,11KV,Fault Current C,DNP,2,2752,fpm 301,0,1,0,0,
FairyLand,B773 P1,Feeder Protection,11KV,Fault Current N,DNP,3,2752,fpm 301,0,1,0,0,
FairyLand,B773 P1,Feeder Protection,11KV,SEF Fault Current,DNP,4,2752,fpm 301,0,1,0,0,
FairyLand,B773,Cb,11KV,Current A,DNP,5,2752,fpm 301,0,1,0,0,
FairyLand,B773,Cb,11KV,Current B,DNP,6,2752,fpm 301,0,1,0,0,
FairyLand,B773,Cb,11KV,Current C,DNP,7,2752,fpm 301,0,1,0,0,
FairyLand,B773,Cb,11KV,Current SEF,DNP,8,2752,fpm 301,0,1,0,0,
FairyLand,B773,Cb,11KV,VA,DNP,9,2752,fpm 301,0,1,0,0,
FairyLand,B773,Cb,11KV,VAr,DNP,10,2752,fpm 301,0,1,0,0,
FairyLand,B773,Cb,11KV,Watts,DNP,11,2752,fpm 301,0,1,0,0,
FairyLand,B778 P1,Feeder Protection,11KV,Fault Current A,DNP,0,2768,fpm 301,0,1,0,0,
FairyLand,B778 P1,Feeder Protection,11KV,Fault Current B,DNP,1,2768,fpm 301,0,1,0,0,
FairyLand,B778 P1,Feeder Protection,11KV,Fault Current C,DNP,2,2768,fpm 301,0,1,0,0,
FairyLand,B778 P1,Feeder Protection,11KV,Fault Current N,DNP,3,2768,fpm 301,0,1,0,0,
FairyLand,B778 P1,Feeder Protection,11KV,SEF Fault Current,DNP,4,2768,fpm 301,0,1,0,0,
FairyLand,B778,Cb,11KV,Current A,DNP,5,2768,fpm 301,0,1,0,0,
FairyLand,B778,Cb,11KV,Current B,DNP,6,2768,fpm 301,0,1,0,0,
FairyLand,B778,Cb,11KV,Current C,DNP,7,2768,fpm 301,0,1,0,0,
FairyLand,B778,Cb,11KV,Current SEF,DNP,8,2768,fpm 301,0,1,0,0,
FairyLand,B778,Cb,11KV,VA,DNP,9,2768,fpm 301,0,1,0,0,
FairyLand,B778,Cb,11KV,VAr,DNP,10,2768,fpm 301,0,1,0,0,
FairyLand,B778,Cb,11KV,Watts,DNP,11,2768,fpm 301,0,1,0,0,
FairyLand,L506 P1,Feeder Protection,11KV,Fault Current A,DNP,0,2784,fpm 301,0,1,0,0,
FairyLand,L506 P1,Feeder Protection,11KV,Fault Current B,DNP,1,2784,fpm 301,0,1,0,0,
FairyLand,L506 P1,Feeder Protection,11KV,Fault Current C,DNP,2,2784,fpm 301,0,1,0,0,
FairyLand,L506 P1,Feeder Protection,11KV,Fault Current N,DNP,3,2784,fpm 301,0,1,0,0,
FairyLand,L506 P1,Feeder Protection,11KV,SEF Fault Current,DNP,4,2784,fpm 301,0,1,0,0,
FairyLand,L506,Cb,11KV,Current A,DNP,5,2784,fpm 301,0,1,0,0,
FairyLand,L506,Cb,11KV,Current B,DNP,6,2784,fpm 301,0,1,0,0,
FairyLand,L506,Cb,11KV,Current C,DNP,7,2784,fpm 301,0,1,0,0,
FairyLand,L506,Cb,11KV,Current SEF,DNP,8,2784,fpm 301,0,1,0,0,
FairyLand,L506,Cb,11KV,VA,DNP,9,2784,fpm 301,0,1,0,0,
FairyLand,L506,Cb,11KV,VAr,DNP,10,2784,fpm 301,0,1,0,0,
FairyLand,L506,Cb,11KV,Watts,DNP,11,2784,fpm 301,0,1,0,0,
FairyLand,L508 P1,Feeder Protection,11KV,Fault Current A,DNP,0,2800,fpm 301,0,1,0,0,
FairyLand,L508 P1,Feeder Protection,11KV,Fault Current B,DNP,1,2800,fpm 301,0,1,0,0,
FairyLand,L508 P1,Feeder Protection,11KV,Fault Current C,DNP,2,2800,fpm 301,0,1,0,0,
FairyLand,L508 P1,Feeder Protection,11KV,Fault Current N,DNP,3,2800,fpm 301,0,1,0,0,
FairyLand,L508 P1,Feeder Protection,11KV,SEF Fault Current,DNP,4,2800,fpm 301,0,1,0,0,
FairyLand,L508,Cb,11KV,Current A,DNP,5,2800,fpm 301,0,1,0,0,
FairyLand,L508,Cb,11KV,Current B,DNP,6,2800,fpm 301,0,1,0,0,
FairyLand,L508,Cb,11KV,Current C,DNP,7,2800,fpm 301,0,1,0,0,
FairyLand,L508,Cb,11KV,Current SEF,DNP,8,2800,fpm 301,0,1,0,0,
FairyLand,L508,Cb,11KV,VA,DNP,9,2800,fpm 301,0,1,0,0,
FairyLand,L508,Cb,11KV,VAr,DNP,10,2800,fpm 301,0,1,0,0,
FairyLand,L508,Cb,11KV,Watts,DNP,11,2800,fpm 301,0,1,0,0,
FairyLand,L505 P1,Feeder Protection,11KV,Fault Current A,DNP,0,2832,fpm 301,0,1,0,0,
FairyLand,L505 P1,Feeder Protection,11KV,Fault Current B,DNP,1,2832,fpm 301,0,1,0,0,
FairyLand,L505 P1,Feeder Protection,11KV,Fault Current C,DNP,2,2832,fpm 301,0,1,0,0,
FairyLand,L505 P1,Feeder Protection,11KV,Fault Current N,DNP,3,2832,fpm 301,0,1,0,0,
FairyLand,L505 P1,Feeder Protection,11KV,SEF Fault Current,DNP,4,2832,fpm 301,0,1,0,0,
FairyLand,L505,Cb,11KV,Current A,DNP,5,2832,fpm 301,0,1,0,0,
FairyLand,L505,Cb,11KV,Current B,DNP,6,2832,fpm 301,0,1,0,0,
FairyLand,L505,Cb,11KV,Current C,DNP,7,2832,fpm 301,0,1,0,0,
FairyLand,L505,Cb,11KV,Current SEF,DNP,8,2832,fpm 301,0,1,0,0,
FairyLand,L505,Cb,11KV,VA,DNP,9,2832,fpm 301,0,1,0,0,
FairyLand,L505,Cb,11KV,VAr,DNP,10,2832,fpm 301,0,1,0,0,
FairyLand,L505,Cb,11KV,Watts,DNP,11,2832,fpm 301,0,1,0,0,
FairyLand,B776 P1,Feeder Protection,11KV,Fault Current A,DNP,0,2816,fpm 301,0,1,0,0,
FairyLand,B776 P1,Feeder Protection,11KV,Fault Current B,DNP,1,2816,fpm 301,0,1,0,0,
FairyLand,B776 P1,Feeder Protection,11KV,Fault Current C,DNP,2,2816,fpm 301,0,1,0,0,
FairyLand,B776 P1,Feeder Protection,11KV,Fault Current N,DNP,3,2816,fpm 301,0,1,0,0,
FairyLand,B776 P1,Feeder Protection,11KV,SEF Fault Current,DNP,4,2816,fpm 301,0,1,0,0,
FairyLand,B776,Cb,11KV,Current A,DNP,5,2816,fpm 301,0,1,0,0,
FairyLand,B776,Cb,11KV,Current B,DNP,6,2816,fpm 301,0,1,0,0,
FairyLand,B776,Cb,11KV,Current C,DNP,7,2816,fpm 301,0,1,0,0,
FairyLand,B776,Cb,11KV,Current SEF,DNP,8,2816,fpm 301,0,1,0,0,
FairyLand,B776,Cb,11KV,VA,DNP,9,2816,fpm 301,0,1,0,0,
FairyLand,B776,Cb,11KV,VAr,DNP,10,2816,fpm 301,0,1,0,0,
FairyLand,B776,Cb,11KV,Watts,DNP,11,2816,fpm 301,0,1,0,0,
FairyLand,B775 P1,Feeder Protection,11KV,Fault Current A,DNP,0,2848,fpm 301,0,1,0,0,
FairyLand,B775 P1,Feeder Protection,11KV,Fault Current B,DNP,1,2848,fpm 301,0,1,0,0,
FairyLand,B775 P1,Feeder Protection,11KV,Fault Current C,DNP,2,2848,fpm 301,0,1,0,0,
FairyLand,B775 P1,Feeder Protection,11KV,Fault Current N,DNP,3,2848,fpm 301,0,1,0,0,
FairyLand,B775 P1,Feeder Protection,11KV,SEF Fault Current,DNP,4,2848,fpm 301,0,1,0,0,
FairyLand,B775,Cb,11KV,Current A,DNP,5,2848,fpm 301,0,1,0,0,
FairyLand,B775,Cb,11KV,Current B,DNP,6,2848,fpm 301,0,1,0,0,
FairyLand,B775,Cb,11KV,Current C,DNP,7,2848,fpm 301,0,1,0,0,
FairyLand,B775,Cb,11KV,Current SEF,DNP,8,2848,fpm 301,0,1,0,0,
FairyLand,B775,Cb,11KV,VA,DNP,9,2848,fpm 301,0,1,0,0,
FairyLand,B775,Cb,11KV,VAr,DNP,10,2848,fpm 301,0,1,0,0,
FairyLand,B775,Cb,11KV,Watts,DNP,11,2848,fpm 301,0,1,0,0,
FairyLand,L507 P1,Feeder Protection,11KV,Fault Current A,DNP,0,2864,fpm 301,0,1,0,0,
FairyLand,L507 P1,Feeder Protection,11KV,Fault Current B,DNP,1,2864,fpm 301,0,1,0,0,
FairyLand,L507 P1,Feeder Protection,11KV,Fault Current C,DNP,2,2864,fpm 301,0,1,0,0,
FairyLand,L507 P1,Feeder Protection,11KV,Fault Current N,DNP,3,2864,fpm 301,0,1,0,0,
FairyLand,L507 P1,Feeder Protection,11KV,SEF Fault Current,DNP,4,2864,fpm 301,0,1,0,0,
FairyLand,L507,Cb,11KV,Current A,DNP,5,2864,fpm 301,0,1,0,0,
FairyLand,L507,Cb,11KV,Current B,DNP,6,2864,fpm 301,0,1,0,0,
FairyLand,L507,Cb,11KV,Current C,DNP,7,2864,fpm 301,0,1,0,0,
FairyLand,L507,Cb,11KV,Current SEF,DNP,8,2864,fpm 301,0,1,0,0,
FairyLand,L507,Cb,11KV,VA,DNP,9,2864,fpm 301,0,1,0,0,
FairyLand,L507,Cb,11KV,VAr,DNP,10,2864,fpm 301,0,1,0,0,
FairyLand,L507,Cb,11KV,Watts,DNP,11,2864,fpm 301,0,1,0,0,
FairyLand,19872 P1,Feeder Protection,11KV,Fault Current A,DNP,0,2880,fpm 301,0,1,0,0,
FairyLand,19872 P1,Feeder Protection,11KV,Fault Current B,DNP,1,2880,fpm 301,0,1,0,0,
FairyLand,19872 P1,Feeder Protection,11KV,Fault Current C,DNP,2,2880,fpm 301,0,1,0,0,
FairyLand,19872 P1,Feeder Protection,11KV,Fault Current N,DNP,3,2880,fpm 301,0,1,0,0,
FairyLand,19872 P1,Feeder Protection,11KV,SEF Fault Current,DNP,4,2880,fpm 301,0,1,0,0,
FairyLand,19872,Cb,11KV,Current A,DNP,5,2880,fpm 301,0,1,0,0,
FairyLand,19872,Cb,11KV,Current B,DNP,6,2880,fpm 301,0,1,0,0,
FairyLand,19872,Cb,11KV,Current C,DNP,7,2880,fpm 301,0,1,0,0,
FairyLand,19872,Cb,11KV,Current SEF,DNP,8,2880,fpm 301,0,1,0,0,
FairyLand,19872,Cb,11KV,VA,DNP,9,2880,fpm 301,0,1,0,0,
FairyLand,19872,Cb,11KV,VAr,DNP,10,2880,fpm 301,0,1,0,0,
FairyLand,19872,Cb,11KV,Watts,DNP,11,2880,fpm 301,0,1,0,0,
FairyLand,19869 P1,Feeder Protection,11KV,Fault Current N,DNP,3,2896,fpm 301,0,1,0,0,
FairyLand,19869 P1,Feeder Protection,11KV,SEF Fault Current,DNP,4,2896,fpm 301,0,1,0,0,
FairyLand,19869,Cb,11KV,Current A,DNP,5,2896,fpm 301,0,1,0,0,
FairyLand,19869,Cb,11KV,Current B,DNP,6,2896,fpm 301,0,1,0,0,
FairyLand,19869,Cb,11KV,Current C,DNP,7,2896,fpm 301,0,1,0,0,
FairyLand,19869,Cb,11KV,Current SEF,DNP,8,2896,fpm 301,0,1,0,0,
FairyLand,19869,Cb,11KV,VA,DNP,9,2896,fpm 301,0,1,0,0,
FairyLand,19869,Cb,11KV,VAr,DNP,10,2896,fpm 301,0,1,0,0,
FairyLand,19869,Cb,11KV,Watts,DNP,11,2896,fpm 301,0,1,0,0,
FairyLand,19871 P1,Feeder Protection,11KV,Fault Current N,DNP,3,2912,fpm 301,0,1,0,0,
FairyLand,19871 P1,Feeder Protection,11KV,SEF Fault Current,DNP,4,2912,fpm 301,0,1,0,0,
FairyLand,19871,Cb,11KV,Current A,DNP,5,2912,fpm 301,0,1,0,0,
FairyLand,19871,Cb,11KV,Current B,DNP,6,2912,fpm 301,0,1,0,0,
FairyLand,19871,Cb,11KV,Current C,DNP,7,2912,fpm 301,0,1,0,0,
FairyLand,19871,Cb,11KV,Current SEF,DNP,8,2912,fpm 301,0,1,0,0,
FairyLand,19871,Cb,11KV,VA,DNP,9,2912,fpm 301,0,1,0,0,
FairyLand,19871,Cb,11KV,VAr,DNP,10,2912,fpm 301,0,1,0,0,
FairyLand,19871,Cb,11KV,Watts,DNP,11,2912,fpm 301,0,1,0,0,
FairyLand,19868 P1,Feeder Protection,11KV,Fault Current N,DNP,3,2928,fpm 301,0,1,0,0,
FairyLand,19868 P1,Feeder Protection,11KV,SEF Fault Current,DNP,4,2928,fpm 301,0,1,0,0,
FairyLand,19868,Cb,11KV,Current A,DNP,5,2928,fpm 301,0,1,0,0,
FairyLand,19868,Cb,11KV,Current B,DNP,6,2928,fpm 301,0,1,0,0,
FairyLand,19868,Cb,11KV,Current C,DNP,7,2928,fpm 301,0,1,0,0,
FairyLand,19868,Cb,11KV,Current SEF,DNP,8,2928,fpm 301,0,1,0,0,
FairyLand,19868,Cb,11KV,VA,DNP,9,2928,fpm 301,0,1,0,0,
FairyLand,19868,Cb,11KV,VAr,DNP,10,2928,fpm 301,0,1,0,0,
FairyLand,19868,Cb,11KV,Watts,DNP,11,2928,fpm 301,0,1,0,0,
FairyLand,19870 P1,Feeder Protection,11KV,Fault Current B,DNP,1,2944,fpm 301,0,1,0,0,
FairyLand,19870 P1,Feeder Protection,11KV,Fault Current C,DNP,2,2944,fpm 301,0,1,0,0,
FairyLand,19870 P1,Feeder Protection,11KV,Fault Current N,DNP,3,2944,fpm 301,0,1,0,0,
FairyLand,19870 P1,Feeder Protection,11KV,SEF Fault Current,DNP,4,2944,fpm 301,0,1,0,0,
FairyLand,19870,Cb,11KV,Current A,DNP,5,2944,fpm 301,0,1,0,0,
FairyLand,19870,Cb,11KV,Current B,DNP,6,2944,fpm 301,0,1,0,0,
FairyLand,19870,Cb,11KV,Current C,DNP,7,2944,fpm 301,0,1,0,0,
FairyLand,19870,Cb,11KV,Current SEF,DNP,8,2944,fpm 301,0,1,0,0,
FairyLand,19870,Cb,11KV,VA,DNP,9,2944,fpm 301,0,1,0,0,
FairyLand,19870,Cb,11KV,VAr,DNP,10,2944,fpm 301,0,1,0,0,
FairyLand,19870,Cb,11KV,Watts,DNP,11,2944,fpm 301,0,1,0,0,
FairyLand,19867,Cb,11KV,Fault Current A,DNP,0,2960,fpm 301,0,1,0,0,
FairyLand,19867,Cb,11KV,Fault Current B,DNP,1,2960,fpm 301,0,1,0,0,
FairyLand,19867,Cb,11KV,Fault Current C,DNP,2,2960,fpm 301,0,1,0,0,
FairyLand,19867,Cb,11KV,Fault Current N,DNP,3,2960,fpm 301,0,1,0,0,
FairyLand,19867,Cb,11KV,Current A,DNP,4,2960,fpm 301,0,1,0,0,
FairyLand,19867,Cb,11KV,Current B,DNP,5,2960,fpm 301,0,1,0,0,
FairyLand,19867,Cb,11KV,Current C,DNP,6,2960,fpm 301,0,1,0,0,
FairyLand,19867,Cb,11KV,Operate Time,DNP,7,2960,fpm 301,0,1,0,0,
FairyLand,19874,Vt,11KV,Volts AB,DNP,8,2960,fpm 301,0,1,0,0,
FairyLand,19874,Vt,11KV,Volts BC,DNP,9,2960,fpm 301,0,1,0,0,
FairyLand,19874,Vt,11KV,Volts CA,DNP,10,2960,fpm 301,0,1,0,0,
FairyLand,2,Power Transformer,33KV,VA,DNP,11,2960,fpm 301,0,1,0,0,
FairyLand,2,Power Transformer,33KV,VAr,DNP,12,2960,fpm 301,0,1,0,0,
FairyLand,2,Power Transformer,33KV,Watts,DNP,13,2960,fpm 301,0,1,0,0,
FairyLand,2,Power Transformer,33KV,Power Factor,DNP,14,2960,fpm 301,0,1,0,0,
